-- Auto-generated seed data (2025-11-09)
-- Use at.htlle.freq.seed.SeedDataGenerator to regenerate.

-- Country
INSERT INTO Country (CountryCode, CountryName) VALUES
    ('AT', 'Austria'),
    ('DE', 'Germany'),
    ('CH', 'Switzerland'),
    ('SE', 'Sweden'),
    ('NO', 'Norway'),
    ('FI', 'Finland'),
    ('ES', 'Spain'),
    ('FR', 'France'),
    ('US', 'United States'),
    ('CA', 'Canada')
;

-- City
INSERT INTO City (CityID, CityName, CountryCode) VALUES
    ('AT-VIENNA', 'Vienna', 'AT'),
    ('AT-GRAZ', 'Graz', 'AT'),
    ('AT-LINZ', 'Linz', 'AT'),
    ('DE-BERLIN', 'Berlin', 'DE'),
    ('DE-MUNICH', 'Munich', 'DE'),
    ('DE-HAMBURG', 'Hamburg', 'DE'),
    ('CH-ZURICH', 'Zurich', 'CH'),
    ('CH-BERN', 'Bern', 'CH'),
    ('CH-BASEL', 'Basel', 'CH'),
    ('SE-STOCKHOLM', 'Stockholm', 'SE'),
    ('SE-GOTHENBURG', 'Gothenburg', 'SE'),
    ('SE-MALMO', 'Malmö', 'SE'),
    ('NO-OSLO', 'Oslo', 'NO'),
    ('NO-BERGEN', 'Bergen', 'NO'),
    ('NO-TRONDHEIM', 'Trondheim', 'NO'),
    ('FI-HELSINKI', 'Helsinki', 'FI'),
    ('FI-TAMPERE', 'Tampere', 'FI'),
    ('FI-OULU', 'Oulu', 'FI'),
    ('ES-MADRID', 'Madrid', 'ES'),
    ('ES-BARCELONA', 'Barcelona', 'ES'),
    ('ES-VALENCIA', 'Valencia', 'ES'),
    ('FR-PARIS', 'Paris', 'FR'),
    ('FR-LYON', 'Lyon', 'FR'),
    ('FR-BORDEAUX', 'Bordeaux', 'FR'),
    ('US-SEATTLE', 'Seattle', 'US'),
    ('US-AUSTIN', 'Austin', 'US'),
    ('US-DENVER', 'Denver', 'US'),
    ('CA-TORONTO', 'Toronto', 'CA'),
    ('CA-VANCOUVER', 'Vancouver', 'CA'),
    ('CA-CALGARY', 'Calgary', 'CA')
;

-- Address
INSERT INTO Address (AddressID, Street, CityID) VALUES
    ('5dfecc52-e201-4363-a562-030000000001', 'Riverside Road 1', 'AT-VIENNA'),
    ('6ee11385-2de6-4ceb-8f6d-030000000002', 'Central Avenue 2', 'AT-GRAZ'),
    ('13f2f75a-95d7-40c9-9901-030000000003', 'Harbor Street 3', 'AT-LINZ'),
    ('551218a5-cf6c-4d10-bdba-030000000004', 'Sunrise Lane 4', 'DE-BERLIN'),
    ('411df8ba-10a8-4d55-a012-030000000005', 'Meadow Boulevard 5', 'DE-MUNICH'),
    ('ca92c5f8-0905-47e9-9891-030000000006', 'Summit Drive 6', 'DE-HAMBURG'),
    ('08b9d31a-93e9-4182-af97-030000000007', 'Market Road 7', 'CH-ZURICH'),
    ('915b6ccb-6005-4e15-ab5e-030000000008', 'Baker Avenue 8', 'CH-BERN'),
    ('21e73bb0-c29b-480f-84be-030000000009', 'Liberty Street 9', 'CH-BASEL'),
    ('b06a799f-b444-4836-84e6-030000000010', 'Oak Lane 10', 'SE-STOCKHOLM'),
    ('bb1aeff3-8903-480b-9182-030000000011', 'Riverside Boulevard 11', 'SE-GOTHENBURG'),
    ('92bf5ca6-f2f4-432f-8e2c-030000000012', 'Central Drive 12', 'SE-MALMO'),
    ('5ee1fd99-d10f-44b3-88fe-030000000013', 'Harbor Road 13', 'NO-OSLO'),
    ('79c255ee-6537-43bb-a32e-030000000014', 'Sunrise Avenue 14', 'NO-BERGEN'),
    ('b0d9c672-c869-46b4-87cf-030000000015', 'Meadow Street 15', 'NO-TRONDHEIM'),
    ('0730e7e0-3c3f-4de3-b079-030000000016', 'Summit Lane 16', 'FI-HELSINKI'),
    ('0dece60e-aa2d-41bc-93ab-030000000017', 'Market Boulevard 17', 'FI-TAMPERE'),
    ('5970b97e-d7f3-4ffe-9d27-030000000018', 'Baker Drive 18', 'FI-OULU'),
    ('ef23b6d0-7376-4a1f-9fec-030000000019', 'Liberty Road 19', 'ES-MADRID'),
    ('f5edd58b-5cac-4008-a4c6-030000000020', 'Oak Avenue 20', 'ES-BARCELONA'),
    ('724f2aad-bd00-4e4e-a5bf-030000000021', 'Riverside Street 21', 'ES-VALENCIA'),
    ('55c2d395-d31c-46c2-b0d2-030000000022', 'Central Lane 22', 'FR-PARIS'),
    ('877762df-c209-45d4-9e17-030000000023', 'Harbor Boulevard 23', 'FR-LYON'),
    ('9a80c71a-2003-472f-a115-030000000024', 'Sunrise Drive 24', 'FR-BORDEAUX'),
    ('197468ed-720f-427f-a3e3-030000000025', 'Meadow Road 25', 'US-SEATTLE'),
    ('9efc7182-8c2b-49b3-8f57-030000000026', 'Summit Avenue 26', 'US-AUSTIN'),
    ('96e262e8-e2da-445a-92ca-030000000027', 'Market Street 27', 'US-DENVER'),
    ('fa4a3c4b-808c-4d13-8225-030000000028', 'Baker Lane 28', 'CA-TORONTO'),
    ('13f47ef7-486a-4aea-8842-030000000029', 'Liberty Boulevard 29', 'CA-VANCOUVER'),
    ('735bb518-41fe-4049-9c6a-030000000030', 'Oak Drive 30', 'CA-CALGARY'),
    ('7c3c8bd3-562d-4c6a-8069-030000000031', 'Riverside Road 31', 'AT-VIENNA'),
    ('2006bc9c-b0e3-4bfb-8cc6-030000000032', 'Central Avenue 32', 'AT-GRAZ'),
    ('6ab5ad00-007d-48c3-af9d-030000000033', 'Harbor Street 33', 'AT-LINZ'),
    ('498c50e9-5073-4dd2-a8b8-030000000034', 'Sunrise Lane 34', 'DE-BERLIN'),
    ('e0d79377-f12e-423b-a7d6-030000000035', 'Meadow Boulevard 35', 'DE-MUNICH'),
    ('81669ec0-9ebd-4bde-abc4-030000000036', 'Summit Drive 36', 'DE-HAMBURG'),
    ('dc191d00-7317-4006-9b1c-030000000037', 'Market Road 37', 'CH-ZURICH'),
    ('db4c445c-bd10-47b7-ab54-030000000038', 'Baker Avenue 38', 'CH-BERN'),
    ('9709adcd-d2be-4c8f-8cf3-030000000039', 'Liberty Street 39', 'CH-BASEL'),
    ('f5380daa-2177-403a-9140-030000000040', 'Oak Lane 40', 'SE-STOCKHOLM'),
    ('c75beb8a-bba9-4fc6-afd4-030000000041', 'Riverside Boulevard 41', 'SE-GOTHENBURG'),
    ('4967062e-1e38-4ed6-a7d5-030000000042', 'Central Drive 42', 'SE-MALMO'),
    ('5f1326ad-a5f9-44c1-89a9-030000000043', 'Harbor Road 43', 'NO-OSLO'),
    ('71071633-34b9-4592-ba37-030000000044', 'Sunrise Avenue 44', 'NO-BERGEN'),
    ('736ceac6-583e-4bc5-86c8-030000000045', 'Meadow Street 45', 'NO-TRONDHEIM'),
    ('2103587d-5534-4de0-b437-030000000046', 'Summit Lane 46', 'FI-HELSINKI'),
    ('cd201c03-e856-4275-92d9-030000000047', 'Market Boulevard 47', 'FI-TAMPERE'),
    ('66dc4ff5-889a-47a3-aee1-030000000048', 'Baker Drive 48', 'FI-OULU'),
    ('fb217bfd-d04a-48f8-9a21-030000000049', 'Liberty Road 49', 'ES-MADRID'),
    ('81f1abd1-cd54-4d32-97a5-030000000050', 'Oak Avenue 50', 'ES-BARCELONA'),
    ('f83d1d12-4ecf-4fca-9be7-030000000051', 'Riverside Street 51', 'ES-VALENCIA'),
    ('ca52f4fb-7ba9-482d-b19f-030000000052', 'Central Lane 52', 'FR-PARIS'),
    ('cea07f06-cad7-4490-b919-030000000053', 'Harbor Boulevard 53', 'FR-LYON'),
    ('dab49b34-2e23-47f8-b5df-030000000054', 'Sunrise Drive 54', 'FR-BORDEAUX'),
    ('d3e6335d-0453-45a9-ab0a-030000000055', 'Meadow Road 55', 'US-SEATTLE'),
    ('570b2d56-7aaa-4f4a-bf67-030000000056', 'Summit Avenue 56', 'US-AUSTIN'),
    ('52a9401f-9886-4016-8dbb-030000000057', 'Market Street 57', 'US-DENVER'),
    ('79686fca-3410-468c-9b44-030000000058', 'Baker Lane 58', 'CA-TORONTO'),
    ('918470bc-62b6-41f2-bd20-030000000059', 'Liberty Boulevard 59', 'CA-VANCOUVER'),
    ('90245977-56c3-4835-a186-030000000060', 'Oak Drive 60', 'CA-CALGARY')
;

-- Account
INSERT INTO Account (AccountID, AccountName, ContactName, ContactEmail, ContactPhone, VATNumber, Country) VALUES
    ('f2de6b31-a03d-439e-8a0f-040000000001', 'Acme Integration', 'Ingrid Novak', 'ingrid.novak@acme-integration.example', '+43 720000', 'AT19999999', 'Austria'),
    ('65c4d8f8-4c07-4fcf-8140-040000000002', 'Resilience Network 02', 'Markus Larsson', 'markus.larsson@resiliencenetwork.example', '+31 131130', 'DE10000001', 'Germany'),
    ('c49a0cfa-7f74-4f59-ad9a-040000000003', 'Aurora Network 03', 'Lena Nielsen', 'lena.nielsen@auroranetwork.example', '+32 692763', 'CH10000002', 'Switzerland'),
    ('b517b44f-2b37-474a-88f8-040000000004', 'Sentinel Network 04', 'Sven Meier', 'sven.meier@sentinelnetwork.example', '+33 111248', 'SE10000003', 'Sweden'),
    ('7ac40510-18fc-4488-a97f-040000000005', 'Vertex Network 05', 'Carla Campbell', 'carla.campbell@vertexnetwork.example', '+34 648884', 'NO10000004', 'Norway'),
    ('31ffb6c9-2b91-4093-a892-040000000006', 'Atlas Network 06', 'Diego Olsen', 'diego.olsen@atlasnetwork.example', '+35 669970', 'FI10000005', 'Finland'),
    ('96aafed4-6fb5-4869-9181-040000000007', 'Northern Network 07', 'Fatima Jensen', 'fatima.jensen@northernnetwork.example', '+36 787525', 'ES10000006', 'Spain'),
    ('9afda9f0-81b8-437b-a7e3-040000000008', 'Harbor Network 08', 'Noah Gruber', 'noah.gruber@harbornetwork.example', '+37 721505', 'FR10000007', 'France'),
    ('434010eb-60a1-4f66-b01c-040000000009', 'Summit Network 09', 'Sophia Kallio', 'sophia.kallio@summitnetwork.example', '+38 696918', 'US10000008', 'United States'),
    ('02052d60-5dea-41aa-bac6-040000000010', 'Nova Network 10', 'Elias Fernandez', 'elias.fernandez@novanetwork.example', '+39 555519', 'CA10000009', 'Canada'),
    ('1a3bafe9-17f3-4f25-b7a9-040000000011', 'Guardian Services 11', 'Anna Dubois', 'anna.dubois@guardianservices.example', '+40 218093', 'AT10000010', 'Austria'),
    ('28aada47-8cb9-49ee-884f-040000000012', 'Resilience Services 12', 'Markus Larsson', 'markus.larsson@resilienceservices.example', '+41 877182', 'DE10000011', 'Germany'),
    ('e29f826b-be7f-4e16-a953-040000000013', 'Aurora Services 13', 'Lena Nielsen', 'lena.nielsen@auroraservices.example', '+42 367502', 'CH10000012', 'Switzerland'),
    ('d699df0a-97f5-4e0b-a946-040000000014', 'Sentinel Services 14', 'Sven Meier', 'sven.meier@sentinelservices.example', '+43 855276', 'SE10000013', 'Sweden'),
    ('c30ac9d9-02ef-4469-9899-040000000015', 'Vertex Services 15', 'Carla Campbell', 'carla.campbell@vertexservices.example', '+44 472292', 'NO10000014', 'Norway'),
    ('a4c449c1-6237-4843-9e76-040000000016', 'Atlas Services 16', 'Diego Olsen', 'diego.olsen@atlasservices.example', '+45 264476', 'FI10000015', 'Finland'),
    ('d74493a5-1e0b-427e-99fb-040000000017', 'Northern Services 17', 'Fatima Jensen', 'fatima.jensen@northernservices.example', '+46 378032', 'ES10000016', 'Spain'),
    ('ff235c3c-195a-4d48-9a09-040000000018', 'Harbor Services 18', 'Noah Gruber', 'noah.gruber@harborservices.example', '+47 588456', 'FR10000017', 'France'),
    ('54e5b9b9-881d-42ed-b1d8-040000000019', 'Summit Services 19', 'Sophia Kallio', 'sophia.kallio@summitservices.example', '+48 676170', 'US10000018', 'United States'),
    ('384d5210-2a05-46dc-95c5-040000000020', 'Nova Services 20', 'Elias Fernandez', 'elias.fernandez@novaservices.example', '+49 568743', 'CA10000019', 'Canada'),
    ('20859ec0-876f-4ea3-a359-040000000021', 'Guardian Alliance 21', 'Anna Dubois', 'anna.dubois@guardianalliance.example', '+50 472209', 'AT10000020', 'Austria'),
    ('feb0893b-0323-4d03-b80b-040000000022', 'Resilience Alliance 22', 'Markus Larsson', 'markus.larsson@resiliencealliance.example', '+51 741400', 'DE10000021', 'Germany'),
    ('744309d2-b1f2-4273-ac63-040000000023', 'Aurora Alliance 23', 'Lena Nielsen', 'lena.nielsen@auroraalliance.example', '+52 827863', 'CH10000022', 'Switzerland'),
    ('a6e91c37-2010-4f15-a1f0-040000000024', 'Sentinel Alliance 24', 'Sven Meier', 'sven.meier@sentinelalliance.example', '+53 657226', 'SE10000023', 'Sweden'),
    ('cbceb6ae-a967-48a6-a1fb-040000000025', 'Vertex Alliance 25', 'Carla Campbell', 'carla.campbell@vertexalliance.example', '+54 562913', 'NO10000024', 'Norway'),
    ('2c9a4a8e-21a9-4d1d-9eeb-040000000026', 'Atlas Alliance 26', 'Diego Olsen', 'diego.olsen@atlasalliance.example', '+55 111243', 'FI10000025', 'Finland'),
    ('6a09d3cc-1116-4d78-a5f7-040000000027', 'Northern Alliance 27', 'Fatima Jensen', 'fatima.jensen@northernalliance.example', '+56 215241', 'ES10000026', 'Spain'),
    ('fc226f2d-3754-4912-850f-040000000028', 'Harbor Alliance 28', 'Noah Gruber', 'noah.gruber@harboralliance.example', '+57 646030', 'FR10000027', 'France'),
    ('f61a7fe0-23e4-4023-843c-040000000029', 'Summit Alliance 29', 'Sophia Kallio', 'sophia.kallio@summitalliance.example', '+58 807458', 'US10000028', 'United States'),
    ('9d719972-3c6c-4c21-939a-040000000030', 'Nova Alliance 30', 'Elias Fernandez', 'elias.fernandez@novaalliance.example', '+59 217387', 'CA10000029', 'Canada')
;

-- DeploymentVariant
INSERT INTO DeploymentVariant (VariantID, VariantCode, VariantName, Description, IsActive) VALUES
    ('a137a0dd-98b4-4812-991f-050000000001', 'URB-HA', 'Urban High Availability', 'Redundant core with disaster recovery', TRUE),
    ('f089dbc7-66c4-4c9d-ad2d-050000000002', 'URB-STD', 'Urban Standard', 'Standard city deployment', TRUE),
    ('f8912dd4-db52-4599-addf-050000000003', 'RUR-LT', 'Rural Light', 'Compact package for small communities', FALSE),
    ('d285aa07-6ea8-47b4-80e1-050000000004', 'MTN-OPS', 'Mountain Operations', 'Hardened variant for alpine regions', TRUE),
    ('2d5e9e8a-518e-423e-9a3f-050000000005', 'CST-EDGE', 'Coastal Edge', 'Optimised for coastline coverage', TRUE),
    ('36187c3b-a44a-4fa4-ba8a-050000000006', 'MET-X2', 'Metropolitan X2', 'Extended capacity for mega cities', TRUE),
    ('0b9e505b-cc9e-493b-b783-050000000007', 'RAP-RT', 'Rapid Response', 'Fast deploy incident bundle', TRUE),
    ('6d707eab-b381-483b-8467-050000000008', 'AIR-MOB', 'Air Mobile', 'Airborne operations set', TRUE),
    ('08a50b89-e1a0-482e-83aa-050000000009', 'SEC-PLUS', 'Secure Plus', 'Security-focused blueprint', TRUE),
    ('995a2ec6-0158-4458-8c24-050000000010', 'BSC-LITE', 'Basic Lite', 'Entry level configuration', TRUE)
;

-- Software
INSERT INTO Software (SoftwareID, Name, Release, Revision, SupportPhase, LicenseModel, ThirdParty, EndOfSalesDate, SupportStartDate, SupportEndDate) VALUES
    ('59e6f2bd-6350-424c-8cd5-060000000001', 'LifeX Core', '2024.1', '5', 'Production', 'Subscription', FALSE, DATEADD('DAY', 426, CURRENT_DATE), DATEADD('DAY', -230, CURRENT_DATE), DATEADD('DAY', 135, CURRENT_DATE)),
    ('12600e98-fe12-486e-9c33-060000000002', 'Command Center', '2024.2', '6', 'Preview', 'Perpetual', FALSE, DATEADD('DAY', 336, CURRENT_DATE), DATEADD('DAY', -130, CURRENT_DATE), DATEADD('DAY', 235, CURRENT_DATE)),
    ('3c45dc0a-8455-4b74-ada4-060000000003', 'Edge Gateway', '2024.3', '7', 'EoL', 'Subscription', TRUE, DATEADD('DAY', 365, CURRENT_DATE), DATEADD('DAY', -223, CURRENT_DATE), DATEADD('DAY', 142, CURRENT_DATE)),
    ('0d11f92b-1847-4c2b-b2d2-060000000004', 'Analytics Suite', '2024.1', '8', 'Production', 'Perpetual', TRUE, DATEADD('DAY', 707, CURRENT_DATE), DATEADD('DAY', -228, CURRENT_DATE), DATEADD('DAY', 137, CURRENT_DATE)),
    ('65c9cfa5-7d94-455c-bec3-060000000005', 'LifeX Core', '2025.2', '9', 'Preview', 'Subscription', FALSE, DATEADD('DAY', 673, CURRENT_DATE), DATEADD('DAY', -167, CURRENT_DATE), DATEADD('DAY', 198, CURRENT_DATE)),
    ('fe1d7fe4-58f9-49aa-941d-060000000006', 'Command Center', '2025.3', '10', 'EoL', 'Perpetual', FALSE, DATEADD('DAY', 444, CURRENT_DATE), DATEADD('DAY', -181, CURRENT_DATE), DATEADD('DAY', 184, CURRENT_DATE)),
    ('0652f3e6-d8f3-46c1-b9ea-060000000007', 'Edge Gateway', '2025.1', '11', 'Production', 'Subscription', TRUE, DATEADD('DAY', 445, CURRENT_DATE), DATEADD('DAY', -217, CURRENT_DATE), DATEADD('DAY', 148, CURRENT_DATE)),
    ('3be70ec9-fb6b-494a-926e-060000000008', 'Analytics Suite', '2025.2', '12', 'Preview', 'Perpetual', TRUE, DATEADD('DAY', 637, CURRENT_DATE), DATEADD('DAY', -145, CURRENT_DATE), DATEADD('DAY', 220, CURRENT_DATE)),
    ('1cb52d09-212e-4b02-a805-060000000009', 'LifeX Core', '2026.3', '13', 'EoL', 'Subscription', FALSE, DATEADD('DAY', 474, CURRENT_DATE), DATEADD('DAY', -233, CURRENT_DATE), DATEADD('DAY', 132, CURRENT_DATE)),
    ('25064b2a-2537-4f78-8683-060000000010', 'Command Center', '2026.1', '14', 'Production', 'Perpetual', FALSE, DATEADD('DAY', 335, CURRENT_DATE), DATEADD('DAY', -203, CURRENT_DATE), DATEADD('DAY', 162, CURRENT_DATE)),
    ('91f860ec-83f1-431a-ac24-060000000011', 'Edge Gateway', '2026.2', '15', 'Preview', 'Subscription', TRUE, DATEADD('DAY', 403, CURRENT_DATE), DATEADD('DAY', -167, CURRENT_DATE), DATEADD('DAY', 198, CURRENT_DATE)),
    ('b22c455c-105d-4b57-9d41-060000000012', 'Analytics Suite', '2026.3', '16', 'EoL', 'Perpetual', TRUE, DATEADD('DAY', 680, CURRENT_DATE), DATEADD('DAY', -202, CURRENT_DATE), DATEADD('DAY', 163, CURRENT_DATE))
;

-- Project
INSERT INTO Project (ProjectID, ProjectSAPID, ProjectName, DeploymentVariantID, BundleType, CreateDateTime, LifecycleStatus, AccountID, AddressID) VALUES
    ('79cc457e-cae6-44f3-91fb-070000000001', 'PX-2101', 'Project Aurora 01', 'a137a0dd-98b4-4812-991f-050000000001', 'Premium', DATEADD('DAY', -10, CURRENT_DATE), 'ACTIVE', 'f2de6b31-a03d-439e-8a0f-040000000001', '5dfecc52-e201-4363-a562-030000000001'),
    ('4a110ce6-7bc4-4b4f-bf02-070000000002', 'PX-2102', 'Project Beacon 02', 'f089dbc7-66c4-4c9d-ad2d-050000000002', 'Standard', DATEADD('DAY', -14, CURRENT_DATE), 'MAINTENANCE', '65c4d8f8-4c07-4fcf-8140-040000000002', '6ee11385-2de6-4ceb-8f6d-030000000002'),
    ('e89a726b-185f-4da8-86c2-070000000003', 'PX-2103', 'Project Cascade 03', 'f8912dd4-db52-4599-addf-050000000003', 'Hybrid', DATEADD('DAY', -18, CURRENT_DATE), 'PLANNED', 'c49a0cfa-7f74-4f59-ad9a-040000000003', '13f2f75a-95d7-40c9-9901-030000000003'),
    ('d991b099-c533-443c-bbe8-070000000004', 'PX-2104', 'Project Delta 04', 'd285aa07-6ea8-47b4-80e1-050000000004', 'Edge', DATEADD('DAY', -22, CURRENT_DATE), 'RETIRED', 'b517b44f-2b37-474a-88f8-040000000004', '551218a5-cf6c-4d10-bdba-030000000004'),
    ('54826ec6-50c8-4b3d-81a3-070000000005', 'PX-2105', 'Project Ember 05', '2d5e9e8a-518e-423e-9a3f-050000000005', 'Premium', DATEADD('DAY', -26, CURRENT_DATE), 'ACTIVE', '7ac40510-18fc-4488-a97f-040000000005', '411df8ba-10a8-4d55-a012-030000000005'),
    ('761d2e2e-7e35-4a84-b775-070000000006', 'PX-2106', 'Project Frontier 06', '36187c3b-a44a-4fa4-ba8a-050000000006', 'Standard', DATEADD('DAY', -30, CURRENT_DATE), 'MAINTENANCE', '31ffb6c9-2b91-4093-a892-040000000006', 'ca92c5f8-0905-47e9-9891-030000000006'),
    ('ac53cc20-9449-49a8-bc78-070000000007', 'PX-2107', 'Project Guardian 07', '0b9e505b-cc9e-493b-b783-050000000007', 'Hybrid', DATEADD('DAY', -34, CURRENT_DATE), 'PLANNED', '96aafed4-6fb5-4869-9181-040000000007', '08b9d31a-93e9-4182-af97-030000000007'),
    ('b4ec1595-e281-456d-859e-070000000008', 'PX-2108', 'Project Harbor 08', '6d707eab-b381-483b-8467-050000000008', 'Edge', DATEADD('DAY', -38, CURRENT_DATE), 'RETIRED', '9afda9f0-81b8-437b-a7e3-040000000008', '915b6ccb-6005-4e15-ab5e-030000000008'),
    ('6ad45288-2c9f-449c-9146-070000000009', 'PX-2109', 'Project Ion 09', '08a50b89-e1a0-482e-83aa-050000000009', 'Premium', DATEADD('DAY', -42, CURRENT_DATE), 'ACTIVE', '434010eb-60a1-4f66-b01c-040000000009', '21e73bb0-c29b-480f-84be-030000000009'),
    ('fd47a698-107f-43bd-8b2e-070000000010', 'PX-2110', 'Project Jade 10', '995a2ec6-0158-4458-8c24-050000000010', 'Standard', DATEADD('DAY', -46, CURRENT_DATE), 'MAINTENANCE', '02052d60-5dea-41aa-bac6-040000000010', 'b06a799f-b444-4836-84e6-030000000010'),
    ('16b851c8-0e28-4bde-b97e-070000000011', 'PX-2111', 'Project Aurora 11', 'a137a0dd-98b4-4812-991f-050000000001', 'Hybrid', DATEADD('DAY', -50, CURRENT_DATE), 'PLANNED', '1a3bafe9-17f3-4f25-b7a9-040000000011', 'bb1aeff3-8903-480b-9182-030000000011'),
    ('91174826-6f61-4178-a7b5-070000000012', 'PX-2112', 'Project Beacon 12', 'f089dbc7-66c4-4c9d-ad2d-050000000002', 'Edge', DATEADD('DAY', -54, CURRENT_DATE), 'RETIRED', '28aada47-8cb9-49ee-884f-040000000012', '92bf5ca6-f2f4-432f-8e2c-030000000012'),
    ('b2951283-6b20-4a96-aed9-070000000013', 'PX-2113', 'Project Cascade 13', 'f8912dd4-db52-4599-addf-050000000003', 'Premium', DATEADD('DAY', -58, CURRENT_DATE), 'ACTIVE', 'e29f826b-be7f-4e16-a953-040000000013', '5ee1fd99-d10f-44b3-88fe-030000000013'),
    ('51cbe43e-32a1-4040-960c-070000000014', 'PX-2114', 'Project Delta 14', 'd285aa07-6ea8-47b4-80e1-050000000004', 'Standard', DATEADD('DAY', -62, CURRENT_DATE), 'MAINTENANCE', 'd699df0a-97f5-4e0b-a946-040000000014', '79c255ee-6537-43bb-a32e-030000000014'),
    ('f014a51a-bf82-4a68-8842-070000000015', 'PX-2115', 'Project Ember 15', '2d5e9e8a-518e-423e-9a3f-050000000005', 'Hybrid', DATEADD('DAY', -66, CURRENT_DATE), 'PLANNED', 'c30ac9d9-02ef-4469-9899-040000000015', 'b0d9c672-c869-46b4-87cf-030000000015'),
    ('d389f0aa-93dd-436c-9d10-070000000016', 'PX-2116', 'Project Frontier 16', '36187c3b-a44a-4fa4-ba8a-050000000006', 'Edge', DATEADD('DAY', -70, CURRENT_DATE), 'RETIRED', 'a4c449c1-6237-4843-9e76-040000000016', '0730e7e0-3c3f-4de3-b079-030000000016'),
    ('3ed2e687-bb59-4540-b7c6-070000000017', 'PX-2117', 'Project Guardian 17', '0b9e505b-cc9e-493b-b783-050000000007', 'Premium', DATEADD('DAY', -74, CURRENT_DATE), 'ACTIVE', 'd74493a5-1e0b-427e-99fb-040000000017', '0dece60e-aa2d-41bc-93ab-030000000017'),
    ('0cf04c31-0546-4afe-8df1-070000000018', 'PX-2118', 'Project Harbor 18', '6d707eab-b381-483b-8467-050000000008', 'Standard', DATEADD('DAY', -78, CURRENT_DATE), 'MAINTENANCE', 'ff235c3c-195a-4d48-9a09-040000000018', '5970b97e-d7f3-4ffe-9d27-030000000018'),
    ('2ccb0617-768f-4f6c-96ec-070000000019', 'PX-2119', 'Project Ion 19', '08a50b89-e1a0-482e-83aa-050000000009', 'Hybrid', DATEADD('DAY', -82, CURRENT_DATE), 'PLANNED', '54e5b9b9-881d-42ed-b1d8-040000000019', 'ef23b6d0-7376-4a1f-9fec-030000000019'),
    ('d66d33c8-7367-4a1d-b1b6-070000000020', 'PX-2120', 'Project Jade 20', '995a2ec6-0158-4458-8c24-050000000010', 'Edge', DATEADD('DAY', -86, CURRENT_DATE), 'RETIRED', '384d5210-2a05-46dc-95c5-040000000020', 'f5edd58b-5cac-4008-a4c6-030000000020'),
    ('e337e3cc-15db-4989-ac3f-070000000021', 'PX-2121', 'Project Aurora 01', 'a137a0dd-98b4-4812-991f-050000000001', 'Premium', DATEADD('DAY', -90, CURRENT_DATE), 'ACTIVE', '20859ec0-876f-4ea3-a359-040000000021', '724f2aad-bd00-4e4e-a5bf-030000000021'),
    ('5da8e34a-77f9-43cf-bcae-070000000022', 'PX-2122', 'Project Beacon 02', 'f089dbc7-66c4-4c9d-ad2d-050000000002', 'Standard', DATEADD('DAY', -94, CURRENT_DATE), 'MAINTENANCE', 'feb0893b-0323-4d03-b80b-040000000022', '55c2d395-d31c-46c2-b0d2-030000000022'),
    ('2d416f83-6e61-4e2e-bc90-070000000023', 'PX-2123', 'Project Cascade 03', 'f8912dd4-db52-4599-addf-050000000003', 'Hybrid', DATEADD('DAY', -98, CURRENT_DATE), 'PLANNED', '744309d2-b1f2-4273-ac63-040000000023', '877762df-c209-45d4-9e17-030000000023'),
    ('7a01c71c-b272-4478-99c4-070000000024', 'PX-2124', 'Project Delta 04', 'd285aa07-6ea8-47b4-80e1-050000000004', 'Edge', DATEADD('DAY', -102, CURRENT_DATE), 'RETIRED', 'a6e91c37-2010-4f15-a1f0-040000000024', '9a80c71a-2003-472f-a115-030000000024'),
    ('575d7093-5f9d-445f-b455-070000000025', 'PX-2125', 'Project Ember 05', '2d5e9e8a-518e-423e-9a3f-050000000005', 'Premium', DATEADD('DAY', -106, CURRENT_DATE), 'ACTIVE', 'cbceb6ae-a967-48a6-a1fb-040000000025', '197468ed-720f-427f-a3e3-030000000025'),
    ('8c3c56f1-3248-406c-8eaa-070000000026', 'PX-2126', 'Project Frontier 06', '36187c3b-a44a-4fa4-ba8a-050000000006', 'Standard', DATEADD('DAY', -110, CURRENT_DATE), 'MAINTENANCE', '2c9a4a8e-21a9-4d1d-9eeb-040000000026', '9efc7182-8c2b-49b3-8f57-030000000026'),
    ('e8e4904f-d62e-4286-90e6-070000000027', 'PX-2127', 'Project Guardian 07', '0b9e505b-cc9e-493b-b783-050000000007', 'Hybrid', DATEADD('DAY', -114, CURRENT_DATE), 'PLANNED', '6a09d3cc-1116-4d78-a5f7-040000000027', '96e262e8-e2da-445a-92ca-030000000027'),
    ('be121ce7-41e3-405e-95c9-070000000028', 'PX-2128', 'Project Harbor 08', '6d707eab-b381-483b-8467-050000000008', 'Edge', DATEADD('DAY', -118, CURRENT_DATE), 'RETIRED', 'fc226f2d-3754-4912-850f-040000000028', 'fa4a3c4b-808c-4d13-8225-030000000028'),
    ('45c0034d-3009-4a6f-bd4e-070000000029', 'PX-2129', 'Project Ion 09', '08a50b89-e1a0-482e-83aa-050000000009', 'Premium', DATEADD('DAY', -122, CURRENT_DATE), 'ACTIVE', 'f61a7fe0-23e4-4023-843c-040000000029', '13f47ef7-486a-4aea-8842-030000000029'),
    ('1d0042c4-1b15-4714-b291-070000000030', 'PX-2130', 'Project Jade 10', '995a2ec6-0158-4458-8c24-050000000010', 'Standard', DATEADD('DAY', -126, CURRENT_DATE), 'MAINTENANCE', '9d719972-3c6c-4c21-939a-040000000030', '735bb518-41fe-4049-9c6a-030000000030'),
    ('7e1697d2-3a77-4893-b5b6-070000000031', 'PX-2131', 'Project Aurora 11', 'a137a0dd-98b4-4812-991f-050000000001', 'Hybrid', DATEADD('DAY', -130, CURRENT_DATE), 'PLANNED', 'f2de6b31-a03d-439e-8a0f-040000000001', '7c3c8bd3-562d-4c6a-8069-030000000031'),
    ('12c7edd3-4c44-402a-b80b-070000000032', 'PX-2132', 'Project Beacon 12', 'f089dbc7-66c4-4c9d-ad2d-050000000002', 'Edge', DATEADD('DAY', -134, CURRENT_DATE), 'RETIRED', '65c4d8f8-4c07-4fcf-8140-040000000002', '2006bc9c-b0e3-4bfb-8cc6-030000000032'),
    ('72792ca2-91ee-4fdf-bf1d-070000000033', 'PX-2133', 'Project Cascade 13', 'f8912dd4-db52-4599-addf-050000000003', 'Premium', DATEADD('DAY', -138, CURRENT_DATE), 'ACTIVE', 'c49a0cfa-7f74-4f59-ad9a-040000000003', '6ab5ad00-007d-48c3-af9d-030000000033'),
    ('1f613ef2-b57c-4bc6-a616-070000000034', 'PX-2134', 'Project Delta 14', 'd285aa07-6ea8-47b4-80e1-050000000004', 'Standard', DATEADD('DAY', -142, CURRENT_DATE), 'MAINTENANCE', 'b517b44f-2b37-474a-88f8-040000000004', '498c50e9-5073-4dd2-a8b8-030000000034'),
    ('0155318b-8785-45a4-b4dd-070000000035', 'PX-2135', 'Project Ember 15', '2d5e9e8a-518e-423e-9a3f-050000000005', 'Hybrid', DATEADD('DAY', -146, CURRENT_DATE), 'PLANNED', '7ac40510-18fc-4488-a97f-040000000005', 'e0d79377-f12e-423b-a7d6-030000000035'),
    ('35d557d3-4e8e-430f-a194-070000000036', 'PX-2136', 'Project Frontier 16', '36187c3b-a44a-4fa4-ba8a-050000000006', 'Edge', DATEADD('DAY', -150, CURRENT_DATE), 'RETIRED', '31ffb6c9-2b91-4093-a892-040000000006', '81669ec0-9ebd-4bde-abc4-030000000036'),
    ('23c42050-a1e0-4648-a0df-070000000037', 'PX-2137', 'Project Guardian 17', '0b9e505b-cc9e-493b-b783-050000000007', 'Premium', DATEADD('DAY', -154, CURRENT_DATE), 'ACTIVE', '96aafed4-6fb5-4869-9181-040000000007', 'dc191d00-7317-4006-9b1c-030000000037'),
    ('60e06424-67bc-4d0b-a59f-070000000038', 'PX-2138', 'Project Harbor 18', '6d707eab-b381-483b-8467-050000000008', 'Standard', DATEADD('DAY', -158, CURRENT_DATE), 'MAINTENANCE', '9afda9f0-81b8-437b-a7e3-040000000008', 'db4c445c-bd10-47b7-ab54-030000000038')
;

-- Site
INSERT INTO Site (SiteID, SiteName, ProjectID, AddressID, FireZone, TenantCount) VALUES
    ('4dd9c736-be31-45cc-8062-080000000001', 'Aurora 01 Hub 1', '79cc457e-cae6-44f3-91fb-070000000001', '5dfecc52-e201-4363-a562-030000000001', 'Alpha', 22),
    ('8fb3d3df-d50c-4b0d-80c6-080000000002', 'Aurora 01 Hub 2', '79cc457e-cae6-44f3-91fb-070000000001', '6ee11385-2de6-4ceb-8f6d-030000000002', 'Bravo', 6),
    ('0d5f992b-83f7-4b34-b2c1-080000000003', 'Beacon 02 Hub 1', '4a110ce6-7bc4-4b4f-bf02-070000000002', '6ee11385-2de6-4ceb-8f6d-030000000002', 'Bravo', 16),
    ('a7a5d0bf-3269-49e5-a721-080000000004', 'Beacon 02 Hub 2', '4a110ce6-7bc4-4b4f-bf02-070000000002', '13f2f75a-95d7-40c9-9901-030000000003', 'Charlie', 19),
    ('2841ed07-9401-437c-8a0d-080000000005', 'Cascade 03 Hub 1', 'e89a726b-185f-4da8-86c2-070000000003', '13f2f75a-95d7-40c9-9901-030000000003', 'Charlie', 25),
    ('d5adc155-125b-400f-a29e-080000000006', 'Cascade 03 Hub 2', 'e89a726b-185f-4da8-86c2-070000000003', '551218a5-cf6c-4d10-bdba-030000000004', 'Delta', 7),
    ('34561dd4-8c68-4ab7-8072-080000000007', 'Delta 04 Hub 1', 'd991b099-c533-443c-bbe8-070000000004', '551218a5-cf6c-4d10-bdba-030000000004', 'Delta', 9),
    ('a32dbd52-38bb-4c60-a8dd-080000000008', 'Delta 04 Hub 2', 'd991b099-c533-443c-bbe8-070000000004', '411df8ba-10a8-4d55-a012-030000000005', 'Echo', 23),
    ('68a4e1ae-3052-4498-bf91-080000000009', 'Ember 05 Hub 1', '54826ec6-50c8-4b3d-81a3-070000000005', '411df8ba-10a8-4d55-a012-030000000005', 'Echo', 25),
    ('3044145a-a96d-4c8c-9367-080000000010', 'Ember 05 Hub 2', '54826ec6-50c8-4b3d-81a3-070000000005', 'ca92c5f8-0905-47e9-9891-030000000006', 'Foxtrot', 18),
    ('418ea5ec-c9ba-49e0-aa9c-080000000011', 'Frontier 06 Hub 1', '761d2e2e-7e35-4a84-b775-070000000006', 'ca92c5f8-0905-47e9-9891-030000000006', 'Foxtrot', 7),
    ('cafb9397-4090-4a7e-8d4b-080000000012', 'Frontier 06 Hub 2', '761d2e2e-7e35-4a84-b775-070000000006', '08b9d31a-93e9-4182-af97-030000000007', 'Alpha', 20),
    ('f424cef9-4db6-4d56-9c7c-080000000013', 'Guardian 07 Hub 1', 'ac53cc20-9449-49a8-bc78-070000000007', '08b9d31a-93e9-4182-af97-030000000007', 'Alpha', 20),
    ('48bd1f1f-569e-45a2-83af-080000000014', 'Guardian 07 Hub 2', 'ac53cc20-9449-49a8-bc78-070000000007', '915b6ccb-6005-4e15-ab5e-030000000008', 'Bravo', 24),
    ('94d7f5db-8f69-4548-803e-080000000015', 'Harbor 08 Hub 1', 'b4ec1595-e281-456d-859e-070000000008', '915b6ccb-6005-4e15-ab5e-030000000008', 'Bravo', 25),
    ('7d7cfbf4-3727-4f17-bc42-080000000016', 'Harbor 08 Hub 2', 'b4ec1595-e281-456d-859e-070000000008', '21e73bb0-c29b-480f-84be-030000000009', 'Charlie', 21),
    ('99128357-b936-416a-be6f-080000000017', 'Ion 09 Hub 1', '6ad45288-2c9f-449c-9146-070000000009', '21e73bb0-c29b-480f-84be-030000000009', 'Charlie', 25),
    ('92671370-a2b7-45ab-aed0-080000000018', 'Ion 09 Hub 2', '6ad45288-2c9f-449c-9146-070000000009', 'b06a799f-b444-4836-84e6-030000000010', 'Delta', 16),
    ('d717da78-d22f-414e-87fc-080000000019', 'Jade 10 Hub 1', 'fd47a698-107f-43bd-8b2e-070000000010', 'b06a799f-b444-4836-84e6-030000000010', 'Delta', 7),
    ('e27017bd-989e-49cb-b506-080000000020', 'Jade 10 Hub 2', 'fd47a698-107f-43bd-8b2e-070000000010', 'bb1aeff3-8903-480b-9182-030000000011', 'Echo', 19),
    ('c1798fb6-415e-4eed-ac65-080000000021', 'Aurora 11 Hub 1', '16b851c8-0e28-4bde-b97e-070000000011', 'bb1aeff3-8903-480b-9182-030000000011', 'Echo', 15),
    ('a04f7763-7da3-4f11-ba59-080000000022', 'Aurora 11 Hub 2', '16b851c8-0e28-4bde-b97e-070000000011', '92bf5ca6-f2f4-432f-8e2c-030000000012', 'Foxtrot', 19),
    ('943fa903-56d4-48d2-aa4c-080000000023', 'Beacon 12 Hub 1', '91174826-6f61-4178-a7b5-070000000012', '92bf5ca6-f2f4-432f-8e2c-030000000012', 'Foxtrot', 19),
    ('2bd6bd2e-c421-4037-9f92-080000000024', 'Beacon 12 Hub 2', '91174826-6f61-4178-a7b5-070000000012', '5ee1fd99-d10f-44b3-88fe-030000000013', 'Alpha', 12),
    ('d113ae31-65c4-4231-9db1-080000000025', 'Cascade 13 Hub 1', 'b2951283-6b20-4a96-aed9-070000000013', '5ee1fd99-d10f-44b3-88fe-030000000013', 'Alpha', 6),
    ('003f8192-5ee9-4ac6-be0a-080000000026', 'Cascade 13 Hub 2', 'b2951283-6b20-4a96-aed9-070000000013', '79c255ee-6537-43bb-a32e-030000000014', 'Bravo', 11),
    ('8fcaaa3d-62d5-483f-98ea-080000000027', 'Delta 14 Hub 1', '51cbe43e-32a1-4040-960c-070000000014', '79c255ee-6537-43bb-a32e-030000000014', 'Bravo', 19),
    ('fb9e3afe-56be-422a-9445-080000000028', 'Delta 14 Hub 2', '51cbe43e-32a1-4040-960c-070000000014', 'b0d9c672-c869-46b4-87cf-030000000015', 'Charlie', 6),
    ('92313c3d-ff20-430a-bf55-080000000029', 'Ember 15 Hub 1', 'f014a51a-bf82-4a68-8842-070000000015', 'b0d9c672-c869-46b4-87cf-030000000015', 'Charlie', 20),
    ('63a8f6c2-6e56-4c79-8c29-080000000030', 'Ember 15 Hub 2', 'f014a51a-bf82-4a68-8842-070000000015', '0730e7e0-3c3f-4de3-b079-030000000016', 'Delta', 9),
    ('3b3a120e-02bb-4298-9da1-080000000031', 'Frontier 16 Hub 1', 'd389f0aa-93dd-436c-9d10-070000000016', '0730e7e0-3c3f-4de3-b079-030000000016', 'Delta', 8),
    ('53d4f177-a3a2-4383-ac6c-080000000032', 'Frontier 16 Hub 2', 'd389f0aa-93dd-436c-9d10-070000000016', '0dece60e-aa2d-41bc-93ab-030000000017', 'Echo', 13),
    ('58123e8d-1f58-4d51-9102-080000000033', 'Guardian 17 Hub 1', '3ed2e687-bb59-4540-b7c6-070000000017', '0dece60e-aa2d-41bc-93ab-030000000017', 'Echo', 19),
    ('c9fae530-6e23-448c-a9f0-080000000034', 'Guardian 17 Hub 2', '3ed2e687-bb59-4540-b7c6-070000000017', '5970b97e-d7f3-4ffe-9d27-030000000018', 'Foxtrot', 15),
    ('fdfc7dcc-d895-4b27-9554-080000000035', 'Harbor 18 Hub 1', '0cf04c31-0546-4afe-8df1-070000000018', '5970b97e-d7f3-4ffe-9d27-030000000018', 'Foxtrot', 10),
    ('28a0b9bc-641a-4d2e-97e2-080000000036', 'Ion 19 Hub 1', '2ccb0617-768f-4f6c-96ec-070000000019', 'ef23b6d0-7376-4a1f-9fec-030000000019', 'Alpha', 24),
    ('822e4736-b97f-4cfe-b129-080000000037', 'Jade 20 Hub 1', 'd66d33c8-7367-4a1d-b1b6-070000000020', 'f5edd58b-5cac-4008-a4c6-030000000020', 'Bravo', 25),
    ('d803834c-591e-4c1a-9f36-080000000038', 'Aurora 01 Hub 1', 'e337e3cc-15db-4989-ac3f-070000000021', '724f2aad-bd00-4e4e-a5bf-030000000021', 'Charlie', 13),
    ('a70582dd-32e2-439b-ba45-080000000039', 'Beacon 02 Hub 1', '5da8e34a-77f9-43cf-bcae-070000000022', '55c2d395-d31c-46c2-b0d2-030000000022', 'Delta', 22),
    ('ea3f709e-ae29-4a28-9a09-080000000040', 'Cascade 03 Hub 1', '2d416f83-6e61-4e2e-bc90-070000000023', '877762df-c209-45d4-9e17-030000000023', 'Echo', 9),
    ('72042006-08a0-4540-9b36-080000000041', 'Delta 04 Hub 1', '7a01c71c-b272-4478-99c4-070000000024', '9a80c71a-2003-472f-a115-030000000024', 'Foxtrot', 21),
    ('941260bd-ebf8-4902-ac01-080000000042', 'Ember 05 Hub 1', '575d7093-5f9d-445f-b455-070000000025', '197468ed-720f-427f-a3e3-030000000025', 'Alpha', 25),
    ('2d317774-df3a-4577-8a42-080000000043', 'Frontier 06 Hub 1', '8c3c56f1-3248-406c-8eaa-070000000026', '9efc7182-8c2b-49b3-8f57-030000000026', 'Bravo', 9),
    ('bc273aaf-05b3-467e-bf81-080000000044', 'Guardian 07 Hub 1', 'e8e4904f-d62e-4286-90e6-070000000027', '96e262e8-e2da-445a-92ca-030000000027', 'Charlie', 15),
    ('045fc53d-67ed-41ee-88ff-080000000045', 'Harbor 08 Hub 1', 'be121ce7-41e3-405e-95c9-070000000028', 'fa4a3c4b-808c-4d13-8225-030000000028', 'Delta', 22),
    ('e3ca0ff4-5260-49f9-a8ed-080000000046', 'Ion 09 Hub 1', '45c0034d-3009-4a6f-bd4e-070000000029', '13f47ef7-486a-4aea-8842-030000000029', 'Echo', 22),
    ('380836c7-943d-4cef-a5c2-080000000047', 'Jade 10 Hub 1', '1d0042c4-1b15-4714-b291-070000000030', '735bb518-41fe-4049-9c6a-030000000030', 'Foxtrot', 14),
    ('5c7bf036-0ac9-44a1-850e-080000000048', 'Aurora 11 Hub 1', '7e1697d2-3a77-4893-b5b6-070000000031', '7c3c8bd3-562d-4c6a-8069-030000000031', 'Alpha', 16),
    ('1ff31485-7a86-4759-a5cd-080000000049', 'Beacon 12 Hub 1', '12c7edd3-4c44-402a-b80b-070000000032', '2006bc9c-b0e3-4bfb-8cc6-030000000032', 'Bravo', 6),
    ('fc380f2d-8ff1-4e50-92e1-080000000050', 'Cascade 13 Hub 1', '72792ca2-91ee-4fdf-bf1d-070000000033', '6ab5ad00-007d-48c3-af9d-030000000033', 'Charlie', 18),
    ('5c4e92e9-e9bd-40e2-b79e-080000000051', 'Delta 14 Hub 1', '1f613ef2-b57c-4bc6-a616-070000000034', '498c50e9-5073-4dd2-a8b8-030000000034', 'Delta', 15),
    ('92eadfb0-dfd0-4f4a-a3c1-080000000052', 'Ember 15 Hub 1', '0155318b-8785-45a4-b4dd-070000000035', 'e0d79377-f12e-423b-a7d6-030000000035', 'Echo', 9),
    ('1ab5a370-7d73-4078-97e1-080000000053', 'Frontier 16 Hub 1', '35d557d3-4e8e-430f-a194-070000000036', '81669ec0-9ebd-4bde-abc4-030000000036', 'Foxtrot', 17),
    ('9233aa9e-25b5-4402-87b6-080000000054', 'Guardian 17 Hub 1', '23c42050-a1e0-4648-a0df-070000000037', 'dc191d00-7317-4006-9b1c-030000000037', 'Alpha', 15),
    ('e402ff35-b18d-4e9c-8b3b-080000000055', 'Harbor 18 Hub 1', '60e06424-67bc-4d0b-a59f-070000000038', 'db4c445c-bd10-47b7-ab54-030000000038', 'Bravo', 12)
;

-- Server
INSERT INTO Server (ServerID, SiteID, ServerName, ServerBrand, ServerSerialNr, ServerOS, PatchLevel, VirtualPlatform, VirtualVersion, HighAvailability) VALUES
    ('1d0babeb-10ab-45a1-a20f-090000000001', '4dd9c736-be31-45cc-8062-080000000001', 'SRV-100', 'Lenovo', 'LE-001', 'Windows Server 2022', '2025.01', 'vSphere', '8.0', TRUE),
    ('6ad63672-bbdf-4b0e-8c33-090000000002', '8fb3d3df-d50c-4b0d-80c6-080000000002', 'SRV-101', 'Dell', 'DE-002', 'Ubuntu 24.04 LTS', '2025.02', 'HyperV', '2022', FALSE),
    ('982476f1-5260-4c72-a111-090000000003', '0d5f992b-83f7-4b34-b2c1-080000000003', 'SRV-102', 'HPE', 'HP-003', 'Red Hat Enterprise 9', '2025.03', 'BareMetal', NULL, TRUE),
    ('85a1b2a3-6d13-4580-a51d-090000000004', 'a7a5d0bf-3269-49e5-a721-080000000004', 'SRV-103', 'Fujitsu', 'FU-004', 'SUSE Linux Enterprise 15', '2025.04', 'vSphere', '8.0', FALSE),
    ('9faddba6-ba21-43e7-9fb7-090000000005', '2841ed07-9401-437c-8a0d-080000000005', 'SRV-104', 'Lenovo', 'LE-005', 'Windows Server 2022', '2025.05', 'HyperV', '2022', TRUE),
    ('b07cf16d-58bd-42cc-b787-090000000006', 'd5adc155-125b-400f-a29e-080000000006', 'SRV-105', 'Dell', 'DE-006', 'Ubuntu 24.04 LTS', '2025.06', 'BareMetal', NULL, FALSE),
    ('9341787b-0704-4f3f-9dba-090000000007', '34561dd4-8c68-4ab7-8072-080000000007', 'SRV-106', 'HPE', 'HP-007', 'Red Hat Enterprise 9', '2025.07', 'vSphere', '8.0', TRUE),
    ('99bddd0e-fb46-439a-97d5-090000000008', 'a32dbd52-38bb-4c60-a8dd-080000000008', 'SRV-107', 'Fujitsu', 'FU-008', 'SUSE Linux Enterprise 15', '2025.08', 'HyperV', '2022', FALSE),
    ('a141c6f7-83d4-4ae2-be16-090000000009', '68a4e1ae-3052-4498-bf91-080000000009', 'SRV-108', 'Lenovo', 'LE-009', 'Windows Server 2022', '2025.09', 'BareMetal', NULL, TRUE),
    ('f79ee62f-6c05-4353-bdac-090000000010', '3044145a-a96d-4c8c-9367-080000000010', 'SRV-109', 'Dell', 'DE-010', 'Ubuntu 24.04 LTS', '2025.10', 'vSphere', '8.0', FALSE),
    ('49f8ae5e-539a-4272-9fb4-090000000011', '418ea5ec-c9ba-49e0-aa9c-080000000011', 'SRV-110', 'HPE', 'HP-011', 'Red Hat Enterprise 9', '2025.11', 'HyperV', '2022', TRUE),
    ('098f2511-9158-4b96-be4a-090000000012', 'cafb9397-4090-4a7e-8d4b-080000000012', 'SRV-111', 'Fujitsu', 'FU-012', 'SUSE Linux Enterprise 15', '2025.12', 'BareMetal', NULL, FALSE),
    ('31d82041-ac5a-44dc-a4f8-090000000013', 'f424cef9-4db6-4d56-9c7c-080000000013', 'SRV-112', 'Lenovo', 'LE-013', 'Windows Server 2022', '2025.01', 'vSphere', '8.0', TRUE),
    ('a6fcf85e-8416-48ac-8e7b-090000000014', '48bd1f1f-569e-45a2-83af-080000000014', 'SRV-113', 'Dell', 'DE-014', 'Ubuntu 24.04 LTS', '2025.02', 'HyperV', '2022', FALSE),
    ('b74413d0-26ae-4c57-906a-090000000015', '94d7f5db-8f69-4548-803e-080000000015', 'SRV-114', 'HPE', 'HP-015', 'Red Hat Enterprise 9', '2025.03', 'BareMetal', NULL, TRUE),
    ('a9e9747c-c738-436b-a48f-090000000016', '7d7cfbf4-3727-4f17-bc42-080000000016', 'SRV-115', 'Fujitsu', 'FU-016', 'SUSE Linux Enterprise 15', '2025.04', 'vSphere', '8.0', FALSE),
    ('c0733897-7c9f-43a1-8c9c-090000000017', '99128357-b936-416a-be6f-080000000017', 'SRV-116', 'Lenovo', 'LE-017', 'Windows Server 2022', '2025.05', 'HyperV', '2022', TRUE),
    ('07e63325-1750-4a1f-9dff-090000000018', '92671370-a2b7-45ab-aed0-080000000018', 'SRV-117', 'Dell', 'DE-018', 'Ubuntu 24.04 LTS', '2025.06', 'BareMetal', NULL, FALSE),
    ('41171a61-3d2c-41b6-9ef3-090000000019', 'd717da78-d22f-414e-87fc-080000000019', 'SRV-118', 'HPE', 'HP-019', 'Red Hat Enterprise 9', '2025.07', 'vSphere', '8.0', TRUE),
    ('a2a09029-ccf0-4d89-8e5f-090000000020', 'e27017bd-989e-49cb-b506-080000000020', 'SRV-119', 'Fujitsu', 'FU-020', 'SUSE Linux Enterprise 15', '2025.08', 'HyperV', '2022', FALSE),
    ('effd68ad-5762-4cd5-b68a-090000000021', 'c1798fb6-415e-4eed-ac65-080000000021', 'SRV-120', 'Lenovo', 'LE-021', 'Windows Server 2022', '2025.09', 'BareMetal', NULL, TRUE),
    ('fc6f73c3-bda2-4ca8-8cba-090000000022', 'a04f7763-7da3-4f11-ba59-080000000022', 'SRV-121', 'Dell', 'DE-022', 'Ubuntu 24.04 LTS', '2025.10', 'vSphere', '8.0', FALSE),
    ('af4477c2-9057-45a0-8125-090000000023', '943fa903-56d4-48d2-aa4c-080000000023', 'SRV-122', 'HPE', 'HP-023', 'Red Hat Enterprise 9', '2025.11', 'HyperV', '2022', TRUE),
    ('f4b78f19-b0d3-4250-a693-090000000024', '2bd6bd2e-c421-4037-9f92-080000000024', 'SRV-123', 'Fujitsu', 'FU-024', 'SUSE Linux Enterprise 15', '2025.12', 'BareMetal', NULL, FALSE),
    ('e22e97ac-32d1-454c-8602-090000000025', 'd113ae31-65c4-4231-9db1-080000000025', 'SRV-124', 'Lenovo', 'LE-025', 'Windows Server 2022', '2025.01', 'vSphere', '8.0', TRUE),
    ('4ea6ddd8-078f-4ac0-bd9b-090000000026', '003f8192-5ee9-4ac6-be0a-080000000026', 'SRV-125', 'Dell', 'DE-026', 'Ubuntu 24.04 LTS', '2025.02', 'HyperV', '2022', FALSE),
    ('09143ecd-4d7e-4680-9c60-090000000027', '8fcaaa3d-62d5-483f-98ea-080000000027', 'SRV-126', 'HPE', 'HP-027', 'Red Hat Enterprise 9', '2025.03', 'BareMetal', NULL, TRUE),
    ('21f8d2ac-68f4-4d86-a40a-090000000028', 'fb9e3afe-56be-422a-9445-080000000028', 'SRV-127', 'Fujitsu', 'FU-028', 'SUSE Linux Enterprise 15', '2025.04', 'vSphere', '8.0', FALSE)
;

-- Clients
INSERT INTO Clients (ClientID, SiteID, ClientName, ClientBrand, ClientSerialNr, ClientOS, PatchLevel, InstallType) VALUES
    ('56914557-b5a3-4510-af52-0A0000000001', '4dd9c736-be31-45cc-8062-080000000001', 'Operator Console 001', 'Dell', 'DEL-0200', 'Windows 11', '2025.01', 'LOCAL'),
    ('ea6a2f37-1db9-4e5e-992d-0A0000000002', '8fb3d3df-d50c-4b0d-80c6-080000000002', 'Operator Console 002', 'Lenovo', 'LEN-0201', 'Windows 10', '2025.02', 'BROWSER'),
    ('dab642a3-2496-42b3-84ac-0A0000000003', '0d5f992b-83f7-4b34-b2c1-080000000003', 'Operator Console 003', 'HP', 'HP-0202', 'Ubuntu 24.04', '2025.03', 'BROWSER'),
    ('e27bbaff-5ed8-48b9-8e35-0A0000000004', 'a7a5d0bf-3269-49e5-a721-080000000004', 'Operator Console 004', 'Panasonic', 'PAN-0203', 'Windows 11', '2025.04', 'LOCAL'),
    ('e36ff24d-a983-4c4b-98db-0A0000000005', '2841ed07-9401-437c-8a0d-080000000005', 'Operator Console 005', 'Getac', 'GET-0204', 'Windows 10', '2025.05', 'BROWSER'),
    ('15bb59c9-2c52-4e82-b259-0A0000000006', 'd5adc155-125b-400f-a29e-080000000006', 'Operator Console 006', 'Dell', 'DEL-0205', 'Ubuntu 24.04', '2025.06', 'BROWSER'),
    ('348d42fa-03e1-4cb8-966c-0A0000000007', '34561dd4-8c68-4ab7-8072-080000000007', 'Operator Console 007', 'Lenovo', 'LEN-0206', 'Windows 11', '2025.07', 'LOCAL'),
    ('8c4ea854-eb5d-4f0d-a841-0A0000000008', 'a32dbd52-38bb-4c60-a8dd-080000000008', 'Operator Console 008', 'HP', 'HP-0207', 'Windows 10', '2025.08', 'BROWSER'),
    ('25ead016-c0ad-4b03-a649-0A0000000009', '68a4e1ae-3052-4498-bf91-080000000009', 'Operator Console 009', 'Panasonic', 'PAN-0208', 'Ubuntu 24.04', '2025.09', 'BROWSER'),
    ('54be891c-6eca-47f8-8987-0A0000000010', '3044145a-a96d-4c8c-9367-080000000010', 'Operator Console 010', 'Getac', 'GET-0209', 'Windows 11', '2025.10', 'LOCAL'),
    ('0e204cd4-1a50-4a83-be8f-0A0000000011', '418ea5ec-c9ba-49e0-aa9c-080000000011', 'Operator Console 011', 'Dell', 'DEL-0210', 'Windows 10', '2025.11', 'BROWSER'),
    ('146b2434-94ae-40c5-9ce4-0A0000000012', 'cafb9397-4090-4a7e-8d4b-080000000012', 'Operator Console 012', 'Lenovo', 'LEN-0211', 'Ubuntu 24.04', '2025.12', 'BROWSER'),
    ('9ce7e18a-74fc-4d8b-ae62-0A0000000013', 'f424cef9-4db6-4d56-9c7c-080000000013', 'Operator Console 013', 'HP', 'HP-0212', 'Windows 11', '2025.01', 'LOCAL'),
    ('4a0c2f5d-bccb-4b60-81fa-0A0000000014', '48bd1f1f-569e-45a2-83af-080000000014', 'Operator Console 014', 'Panasonic', 'PAN-0213', 'Windows 10', '2025.02', 'BROWSER'),
    ('3c76d1b2-b414-4d67-a53a-0A0000000015', '94d7f5db-8f69-4548-803e-080000000015', 'Operator Console 015', 'Getac', 'GET-0214', 'Ubuntu 24.04', '2025.03', 'BROWSER'),
    ('6f0c7071-6700-430b-964c-0A0000000016', '7d7cfbf4-3727-4f17-bc42-080000000016', 'Operator Console 016', 'Dell', 'DEL-0215', 'Windows 11', '2025.04', 'LOCAL'),
    ('5e2bafb5-d67e-4597-a72c-0A0000000017', '99128357-b936-416a-be6f-080000000017', 'Operator Console 017', 'Lenovo', 'LEN-0216', 'Windows 10', '2025.05', 'BROWSER'),
    ('cd85657b-5610-4715-aca3-0A0000000018', '92671370-a2b7-45ab-aed0-080000000018', 'Operator Console 018', 'HP', 'HP-0217', 'Ubuntu 24.04', '2025.06', 'BROWSER'),
    ('0f6c3375-b5c3-42fd-abbf-0A0000000019', 'd717da78-d22f-414e-87fc-080000000019', 'Operator Console 019', 'Panasonic', 'PAN-0218', 'Windows 11', '2025.07', 'LOCAL'),
    ('5c29957c-7201-4587-a77d-0A0000000020', 'e27017bd-989e-49cb-b506-080000000020', 'Operator Console 020', 'Getac', 'GET-0219', 'Windows 10', '2025.08', 'BROWSER'),
    ('0b5141a2-9bdc-4b83-b7a8-0A0000000021', 'c1798fb6-415e-4eed-ac65-080000000021', 'Operator Console 021', 'Dell', 'DEL-0220', 'Ubuntu 24.04', '2025.09', 'BROWSER'),
    ('19fcf2c1-67bc-459d-9d7a-0A0000000022', 'a04f7763-7da3-4f11-ba59-080000000022', 'Operator Console 022', 'Lenovo', 'LEN-0221', 'Windows 11', '2025.10', 'LOCAL'),
    ('8ff88956-9c62-4f43-a9dc-0A0000000023', '943fa903-56d4-48d2-aa4c-080000000023', 'Operator Console 023', 'HP', 'HP-0222', 'Windows 10', '2025.11', 'BROWSER'),
    ('ca419a3d-4ab2-4852-8ab5-0A0000000024', '2bd6bd2e-c421-4037-9f92-080000000024', 'Operator Console 024', 'Panasonic', 'PAN-0223', 'Ubuntu 24.04', '2025.12', 'BROWSER'),
    ('530fa8ed-0262-4328-96f3-0A0000000025', 'd113ae31-65c4-4231-9db1-080000000025', 'Operator Console 025', 'Getac', 'GET-0224', 'Windows 11', '2025.01', 'LOCAL'),
    ('ddb1a50d-87b8-40e6-a10a-0A0000000026', '003f8192-5ee9-4ac6-be0a-080000000026', 'Operator Console 026', 'Dell', 'DEL-0225', 'Windows 10', '2025.02', 'BROWSER'),
    ('547cefc0-73b3-45cc-abba-0A0000000027', '8fcaaa3d-62d5-483f-98ea-080000000027', 'Operator Console 027', 'Lenovo', 'LEN-0226', 'Ubuntu 24.04', '2025.03', 'BROWSER'),
    ('c2dcf80d-1551-45e8-995f-0A0000000028', 'fb9e3afe-56be-422a-9445-080000000028', 'Operator Console 028', 'HP', 'HP-0227', 'Windows 11', '2025.04', 'LOCAL'),
    ('d03e3252-5ddd-4460-bfb7-0A0000000029', '92313c3d-ff20-430a-bf55-080000000029', 'Operator Console 029', 'Panasonic', 'PAN-0228', 'Windows 10', '2025.05', 'BROWSER'),
    ('b6e2d5f8-0b3f-44bb-a212-0A0000000030', '63a8f6c2-6e56-4c79-8c29-080000000030', 'Operator Console 030', 'Getac', 'GET-0229', 'Ubuntu 24.04', '2025.06', 'BROWSER'),
    ('6446ef6d-1f4c-4dcd-9083-0A0000000031', '3b3a120e-02bb-4298-9da1-080000000031', 'Operator Console 031', 'Dell', 'DEL-0230', 'Windows 11', '2025.07', 'LOCAL'),
    ('59a0af44-a3fa-4bc2-a963-0A0000000032', '53d4f177-a3a2-4383-ac6c-080000000032', 'Operator Console 032', 'Lenovo', 'LEN-0231', 'Windows 10', '2025.08', 'BROWSER'),
    ('28cdcf17-43aa-4837-b2d4-0A0000000033', '58123e8d-1f58-4d51-9102-080000000033', 'Operator Console 033', 'HP', 'HP-0232', 'Ubuntu 24.04', '2025.09', 'BROWSER'),
    ('1f7abe5b-8f7f-430a-9632-0A0000000034', 'c9fae530-6e23-448c-a9f0-080000000034', 'Operator Console 034', 'Panasonic', 'PAN-0233', 'Windows 11', '2025.10', 'LOCAL'),
    ('a928cc77-db1f-4f4d-82b5-0A0000000035', 'fdfc7dcc-d895-4b27-9554-080000000035', 'Operator Console 035', 'Getac', 'GET-0234', 'Windows 10', '2025.11', 'BROWSER'),
    ('4cc1d676-5c3c-4146-a0d4-0A0000000036', '28a0b9bc-641a-4d2e-97e2-080000000036', 'Operator Console 036', 'Dell', 'DEL-0235', 'Ubuntu 24.04', '2025.12', 'BROWSER'),
    ('7e99df08-c1cf-429e-aecd-0A0000000037', '822e4736-b97f-4cfe-b129-080000000037', 'Operator Console 037', 'Lenovo', 'LEN-0236', 'Windows 11', '2025.01', 'LOCAL'),
    ('2e2babba-2efc-4ed8-bae6-0A0000000038', 'd803834c-591e-4c1a-9f36-080000000038', 'Operator Console 038', 'HP', 'HP-0237', 'Windows 10', '2025.02', 'BROWSER'),
    ('44768d8c-d606-47be-b25a-0A0000000039', 'a70582dd-32e2-439b-ba45-080000000039', 'Operator Console 039', 'Panasonic', 'PAN-0238', 'Ubuntu 24.04', '2025.03', 'BROWSER'),
    ('7db1930c-66d7-42a9-bf21-0A0000000040', 'ea3f709e-ae29-4a28-9a09-080000000040', 'Operator Console 040', 'Getac', 'GET-0239', 'Windows 11', '2025.04', 'LOCAL')
;

-- Radio
INSERT INTO Radio (RadioID, SiteID, AssignedClientID, RadioBrand, RadioSerialNr, Mode, DigitalStandard) VALUES
    ('75462eff-5cf5-4b2c-ad05-0B0000000001', '4dd9c736-be31-45cc-8062-080000000001', '56914557-b5a3-4510-af52-0A0000000001', 'Motorola', 'RD-0300', 'Analog', 'Motorola'),
    ('37168975-d188-44bc-a4ec-0B0000000002', '8fb3d3df-d50c-4b0d-80c6-080000000002', NULL, 'Airbus', 'RD-0301', 'Digital', 'Airbus'),
    ('b0d7da1c-ddc4-483f-b9a4-0B0000000003', '0d5f992b-83f7-4b34-b2c1-080000000003', 'dab642a3-2496-42b3-84ac-0A0000000003', 'Kenwood', 'RD-0302', 'Digital', 'P25'),
    ('ea0adb7f-0a8a-45f2-86c3-0B0000000004', 'a7a5d0bf-3269-49e5-a721-080000000004', NULL, 'Hytera', 'RD-0303', 'Analog', 'Tetra'),
    ('b965cf80-3c28-4e19-9856-0B0000000005', '2841ed07-9401-437c-8a0d-080000000005', 'e36ff24d-a983-4c4b-98db-0A0000000005', 'Motorola', 'RD-0304', 'Digital', NULL),
    ('12b524ea-74cc-4898-b7aa-0B0000000006', 'd5adc155-125b-400f-a29e-080000000006', NULL, 'Airbus', 'RD-0305', 'Digital', 'Motorola'),
    ('2e48e24f-9830-4ee7-a8d4-0B0000000007', '34561dd4-8c68-4ab7-8072-080000000007', '348d42fa-03e1-4cb8-966c-0A0000000007', 'Kenwood', 'RD-0306', 'Analog', 'Airbus'),
    ('0f4f4378-1dd9-4105-9aa5-0B0000000008', 'a32dbd52-38bb-4c60-a8dd-080000000008', NULL, 'Hytera', 'RD-0307', 'Digital', 'P25'),
    ('a5aba525-3597-40f5-bcfc-0B0000000009', '68a4e1ae-3052-4498-bf91-080000000009', '25ead016-c0ad-4b03-a649-0A0000000009', 'Motorola', 'RD-0308', 'Digital', 'Tetra'),
    ('4ed91762-25bf-43bf-ba32-0B0000000010', '3044145a-a96d-4c8c-9367-080000000010', NULL, 'Airbus', 'RD-0309', 'Analog', NULL),
    ('49f07931-8160-45c0-97ae-0B0000000011', '418ea5ec-c9ba-49e0-aa9c-080000000011', '0e204cd4-1a50-4a83-be8f-0A0000000011', 'Kenwood', 'RD-0310', 'Digital', 'Motorola'),
    ('11c41e1d-4a95-4902-9a8d-0B0000000012', 'cafb9397-4090-4a7e-8d4b-080000000012', NULL, 'Hytera', 'RD-0311', 'Digital', 'Airbus'),
    ('72e1723c-b4be-4030-b815-0B0000000013', 'f424cef9-4db6-4d56-9c7c-080000000013', '9ce7e18a-74fc-4d8b-ae62-0A0000000013', 'Motorola', 'RD-0312', 'Analog', 'P25'),
    ('7a9b17f1-2f09-44b6-8e32-0B0000000014', '48bd1f1f-569e-45a2-83af-080000000014', NULL, 'Airbus', 'RD-0313', 'Digital', 'Tetra'),
    ('0a4f0550-a0c9-47fb-b9e8-0B0000000015', '94d7f5db-8f69-4548-803e-080000000015', '3c76d1b2-b414-4d67-a53a-0A0000000015', 'Kenwood', 'RD-0314', 'Digital', NULL),
    ('6c8ec31f-1751-4e78-9bfe-0B0000000016', '7d7cfbf4-3727-4f17-bc42-080000000016', NULL, 'Hytera', 'RD-0315', 'Analog', 'Motorola'),
    ('bebdb5df-6730-4edf-9920-0B0000000017', '99128357-b936-416a-be6f-080000000017', '5e2bafb5-d67e-4597-a72c-0A0000000017', 'Motorola', 'RD-0316', 'Digital', 'Airbus'),
    ('3d1a2d56-70a0-47e7-b600-0B0000000018', '92671370-a2b7-45ab-aed0-080000000018', NULL, 'Airbus', 'RD-0317', 'Digital', 'P25')
;

-- AudioDevice
INSERT INTO AudioDevice (AudioDeviceID, ClientID, AudioDeviceBrand, DeviceSerialNr, AudioDeviceFirmware, DeviceType) VALUES
    ('5669b6a7-a6e3-4401-9efb-0C0000000001', '56914557-b5a3-4510-af52-0A0000000001', 'Jabra', 'AD-0400', '1.0.5', 'HEADSET'),
    ('28eda49b-8353-4339-96bd-0C0000000002', 'ea6a2f37-1db9-4e5e-992d-0A0000000002', 'Bose', 'AD-0401', '2.1.3', 'SPEAKER'),
    ('65a2ad8f-00da-4cea-a367-0C0000000003', 'dab642a3-2496-42b3-84ac-0A0000000003', 'Poly', 'AD-0402', '3.0.1', 'MIC'),
    ('c3903f1c-6486-4ae3-91b5-0C0000000004', 'e27bbaff-5ed8-48b9-8e35-0A0000000004', 'Sennheiser', 'AD-0403', '4.2.0', 'HEADSET'),
    ('2f231364-c53a-4e4b-8799-0C0000000005', 'e36ff24d-a983-4c4b-98db-0A0000000005', 'Logitech', 'AD-0404', '1.0.5', 'SPEAKER'),
    ('1f3250d7-6e47-4dbc-8015-0C0000000006', '15bb59c9-2c52-4e82-b259-0A0000000006', 'Jabra', 'AD-0405', '2.1.3', 'MIC'),
    ('e99a1492-5953-46b7-960f-0C0000000007', '348d42fa-03e1-4cb8-966c-0A0000000007', 'Bose', 'AD-0406', '3.0.1', 'HEADSET'),
    ('bfc5e7ec-b23b-4e20-9c92-0C0000000008', '8c4ea854-eb5d-4f0d-a841-0A0000000008', 'Poly', 'AD-0407', '4.2.0', 'SPEAKER'),
    ('69988d09-0eac-4272-a3e8-0C0000000009', '25ead016-c0ad-4b03-a649-0A0000000009', 'Sennheiser', 'AD-0408', '1.0.5', 'MIC'),
    ('6d71dfc4-0d5f-4ed9-8285-0C0000000010', '54be891c-6eca-47f8-8987-0A0000000010', 'Logitech', 'AD-0409', '2.1.3', 'HEADSET'),
    ('5aa1231b-2981-4c66-ab34-0C0000000011', '0e204cd4-1a50-4a83-be8f-0A0000000011', 'Jabra', 'AD-0410', '3.0.1', 'SPEAKER'),
    ('3daa5023-b5d9-42b0-9368-0C0000000012', '146b2434-94ae-40c5-9ce4-0A0000000012', 'Bose', 'AD-0411', '4.2.0', 'MIC'),
    ('63c4f5bf-53f5-4f46-a267-0C0000000013', '9ce7e18a-74fc-4d8b-ae62-0A0000000013', 'Poly', 'AD-0412', '1.0.5', 'HEADSET'),
    ('aebe5b3e-72e1-45d4-bc35-0C0000000014', '4a0c2f5d-bccb-4b60-81fa-0A0000000014', 'Sennheiser', 'AD-0413', '2.1.3', 'SPEAKER'),
    ('c0b58c69-66e3-4806-b56d-0C0000000015', '3c76d1b2-b414-4d67-a53a-0A0000000015', 'Logitech', 'AD-0414', '3.0.1', 'MIC'),
    ('ffafe7b6-a037-44ec-ac91-0C0000000016', '6f0c7071-6700-430b-964c-0A0000000016', 'Jabra', 'AD-0415', '4.2.0', 'HEADSET'),
    ('b42e24de-c280-4a87-a739-0C0000000017', '5e2bafb5-d67e-4597-a72c-0A0000000017', 'Bose', 'AD-0416', '1.0.5', 'SPEAKER'),
    ('d46757e9-4c23-424e-b795-0C0000000018', 'cd85657b-5610-4715-aca3-0A0000000018', 'Poly', 'AD-0417', '2.1.3', 'MIC'),
    ('cab9938b-8532-45d0-b518-0C0000000019', '0f6c3375-b5c3-42fd-abbf-0A0000000019', 'Sennheiser', 'AD-0418', '3.0.1', 'HEADSET'),
    ('d24e7ea5-fbe6-4e68-811c-0C0000000020', '5c29957c-7201-4587-a77d-0A0000000020', 'Logitech', 'AD-0419', '4.2.0', 'SPEAKER'),
    ('c3503998-3301-426f-99b9-0C0000000021', '0b5141a2-9bdc-4b83-b7a8-0A0000000021', 'Jabra', 'AD-0420', '1.0.5', 'MIC'),
    ('7dafaf15-9e51-48f7-a7d5-0C0000000022', '19fcf2c1-67bc-459d-9d7a-0A0000000022', 'Bose', 'AD-0421', '2.1.3', 'HEADSET'),
    ('317267ee-adbc-449c-92fa-0C0000000023', '8ff88956-9c62-4f43-a9dc-0A0000000023', 'Poly', 'AD-0422', '3.0.1', 'SPEAKER'),
    ('5d1d7acf-0879-4654-b7af-0C0000000024', 'ca419a3d-4ab2-4852-8ab5-0A0000000024', 'Sennheiser', 'AD-0423', '4.2.0', 'MIC'),
    ('59e32d89-87c1-4851-b739-0C0000000025', '530fa8ed-0262-4328-96f3-0A0000000025', 'Logitech', 'AD-0424', '1.0.5', 'HEADSET'),
    ('95e4a3ca-c480-4d80-a547-0C0000000026', 'ddb1a50d-87b8-40e6-a10a-0A0000000026', 'Jabra', 'AD-0425', '2.1.3', 'SPEAKER'),
    ('df93ba69-825a-42f1-856e-0C0000000027', '547cefc0-73b3-45cc-abba-0A0000000027', 'Bose', 'AD-0426', '3.0.1', 'MIC'),
    ('700d3e80-31ae-42b4-bb44-0C0000000028', 'c2dcf80d-1551-45e8-995f-0A0000000028', 'Poly', 'AD-0427', '4.2.0', 'HEADSET'),
    ('9eb60e33-0f0b-4c7c-a290-0C0000000029', 'd03e3252-5ddd-4460-bfb7-0A0000000029', 'Sennheiser', 'AD-0428', '1.0.5', 'SPEAKER'),
    ('f59f757e-4a86-4743-97a2-0C0000000030', 'b6e2d5f8-0b3f-44bb-a212-0A0000000030', 'Logitech', 'AD-0429', '2.1.3', 'MIC'),
    ('0f88957c-0a18-445b-929e-0C0000000031', '6446ef6d-1f4c-4dcd-9083-0A0000000031', 'Jabra', 'AD-0430', '3.0.1', 'HEADSET'),
    ('2946674b-1238-4737-9732-0C0000000032', '59a0af44-a3fa-4bc2-a963-0A0000000032', 'Bose', 'AD-0431', '4.2.0', 'SPEAKER'),
    ('72d69f4e-005c-4b35-9298-0C0000000033', '28cdcf17-43aa-4837-b2d4-0A0000000033', 'Poly', 'AD-0432', '1.0.5', 'MIC'),
    ('ebe2464b-7c69-44df-99a0-0C0000000034', '1f7abe5b-8f7f-430a-9632-0A0000000034', 'Sennheiser', 'AD-0433', '2.1.3', 'HEADSET'),
    ('e21732ea-3523-45a0-ac20-0C0000000035', 'a928cc77-db1f-4f4d-82b5-0A0000000035', 'Logitech', 'AD-0434', '3.0.1', 'SPEAKER'),
    ('9b8bd7f8-e11b-4cc4-b8fc-0C0000000036', '4cc1d676-5c3c-4146-a0d4-0A0000000036', 'Jabra', 'AD-0435', '4.2.0', 'MIC')
;

-- PhoneIntegration
INSERT INTO PhoneIntegration (PhoneIntegrationID, ClientID, PhoneType, PhoneBrand, PhoneSerialNr, PhoneFirmware) VALUES
    ('eb0899ca-5e5b-441f-a5aa-0D0000000001', '56914557-b5a3-4510-af52-0A0000000001', 'Emergency', 'Avaya', 'PH-0500', 'v1.0'),
    ('0414df79-9aad-4fa2-9560-0D0000000002', 'ea6a2f37-1db9-4e5e-992d-0A0000000002', 'NonEmergency', 'Cisco', 'PH-0501', 'v2.1'),
    ('7864b6b3-1c53-47a0-bd89-0D0000000003', 'dab642a3-2496-42b3-84ac-0A0000000003', 'Both', 'Unify', 'PH-0502', 'v3.2'),
    ('4b907921-2b85-4e80-865e-0D0000000004', 'e27bbaff-5ed8-48b9-8e35-0A0000000004', 'Emergency', 'Alcatel', 'PH-0503', 'v4.3'),
    ('83f7b852-9b0f-475b-9acd-0D0000000005', 'e36ff24d-a983-4c4b-98db-0A0000000005', 'NonEmergency', 'Mitel', 'PH-0504', 'v1.4'),
    ('ef1046d0-2706-4f11-ab8c-0D0000000006', '15bb59c9-2c52-4e82-b259-0A0000000006', 'Both', 'Avaya', 'PH-0505', 'v2.5'),
    ('c07c7b37-1608-4fcb-8377-0D0000000007', '348d42fa-03e1-4cb8-966c-0A0000000007', 'Emergency', 'Cisco', 'PH-0506', 'v3.6'),
    ('74de408b-af23-4cbf-a59e-0D0000000008', '8c4ea854-eb5d-4f0d-a841-0A0000000008', 'NonEmergency', 'Unify', 'PH-0507', 'v4.7'),
    ('983c764c-1006-4dd8-9136-0D0000000009', '25ead016-c0ad-4b03-a649-0A0000000009', 'Both', 'Alcatel', 'PH-0508', 'v1.8'),
    ('7c227f54-df58-49cc-82f9-0D0000000010', '54be891c-6eca-47f8-8987-0A0000000010', 'Emergency', 'Mitel', 'PH-0509', 'v2.9'),
    ('a8edd5e7-57d8-498a-ae6c-0D0000000011', '0e204cd4-1a50-4a83-be8f-0A0000000011', 'NonEmergency', 'Avaya', 'PH-0510', 'v3.0'),
    ('5d24bf90-12d3-4575-89a2-0D0000000012', '146b2434-94ae-40c5-9ce4-0A0000000012', 'Both', 'Cisco', 'PH-0511', 'v4.1'),
    ('3b3c3994-a824-4f83-9126-0D0000000013', '9ce7e18a-74fc-4d8b-ae62-0A0000000013', 'Emergency', 'Unify', 'PH-0512', 'v1.2'),
    ('e66e08bb-b274-4e81-96c8-0D0000000014', '4a0c2f5d-bccb-4b60-81fa-0A0000000014', 'NonEmergency', 'Alcatel', 'PH-0513', 'v2.3'),
    ('9c8135d8-5ba4-49eb-aedb-0D0000000015', '3c76d1b2-b414-4d67-a53a-0A0000000015', 'Both', 'Mitel', 'PH-0514', 'v3.4'),
    ('4b6f1f62-1abc-4a91-8227-0D0000000016', '6f0c7071-6700-430b-964c-0A0000000016', 'Emergency', 'Avaya', 'PH-0515', 'v4.5'),
    ('a2429337-724d-4927-bb3f-0D0000000017', '5e2bafb5-d67e-4597-a72c-0A0000000017', 'NonEmergency', 'Cisco', 'PH-0516', 'v1.6'),
    ('02279785-83fa-422c-93ee-0D0000000018', 'cd85657b-5610-4715-aca3-0A0000000018', 'Both', 'Unify', 'PH-0517', 'v2.7'),
    ('214389a7-0bcf-40f2-b7c6-0D0000000019', '0f6c3375-b5c3-42fd-abbf-0A0000000019', 'Emergency', 'Alcatel', 'PH-0518', 'v3.8'),
    ('76441df8-6673-4a93-bdfc-0D0000000020', '5c29957c-7201-4587-a77d-0A0000000020', 'NonEmergency', 'Mitel', 'PH-0519', 'v4.9'),
    ('cafca691-a57c-4619-8640-0D0000000021', '0b5141a2-9bdc-4b83-b7a8-0A0000000021', 'Both', 'Avaya', 'PH-0520', 'v1.0'),
    ('fd8dcf97-8780-4c06-875b-0D0000000022', '19fcf2c1-67bc-459d-9d7a-0A0000000022', 'Emergency', 'Cisco', 'PH-0521', 'v2.1'),
    ('2f34aaaf-249c-4dfc-a1be-0D0000000023', '8ff88956-9c62-4f43-a9dc-0A0000000023', 'NonEmergency', 'Unify', 'PH-0522', 'v3.2'),
    ('8cca062d-de54-4431-a714-0D0000000024', 'ca419a3d-4ab2-4852-8ab5-0A0000000024', 'Both', 'Alcatel', 'PH-0523', 'v4.3'),
    ('a8d02826-7dfe-43cb-bab4-0D0000000025', '530fa8ed-0262-4328-96f3-0A0000000025', 'Emergency', 'Mitel', 'PH-0524', 'v1.4'),
    ('e61a22b4-a19c-46b2-8c3d-0D0000000026', 'ddb1a50d-87b8-40e6-a10a-0A0000000026', 'NonEmergency', 'Avaya', 'PH-0525', 'v2.5'),
    ('6019315c-3bec-4660-9242-0D0000000027', '547cefc0-73b3-45cc-abba-0A0000000027', 'Both', 'Cisco', 'PH-0526', 'v3.6'),
    ('fb948fd6-631b-4987-adb7-0D0000000028', 'c2dcf80d-1551-45e8-995f-0A0000000028', 'Emergency', 'Unify', 'PH-0527', 'v4.7'),
    ('4874b98e-5b62-45a7-977d-0D0000000029', 'd03e3252-5ddd-4460-bfb7-0A0000000029', 'NonEmergency', 'Alcatel', 'PH-0528', 'v1.8'),
    ('27074d91-a151-48b0-b1d2-0D0000000030', 'b6e2d5f8-0b3f-44bb-a212-0A0000000030', 'Both', 'Mitel', 'PH-0529', 'v2.9'),
    ('88e9ae23-a031-4712-bab6-0D0000000031', '6446ef6d-1f4c-4dcd-9083-0A0000000031', 'Emergency', 'Avaya', 'PH-0530', 'v3.0'),
    ('2b9ac311-0bb1-4e06-9315-0D0000000032', '59a0af44-a3fa-4bc2-a963-0A0000000032', 'NonEmergency', 'Cisco', 'PH-0531', 'v4.1')
;

-- InstalledSoftware
INSERT INTO InstalledSoftware (InstalledSoftwareID, SiteID, SoftwareID, Status, OfferedDate, InstalledDate) VALUES
    ('698979dd-390a-43a5-901f-0E0000000001', '4dd9c736-be31-45cc-8062-080000000001', '59e6f2bd-6350-424c-8cd5-060000000001', 'Offered', DATEADD('DAY', -10, CURRENT_DATE), NULL),
    ('d1aecc47-4142-42bc-a7b7-0E0000000002', '8fb3d3df-d50c-4b0d-80c6-080000000002', '12600e98-fe12-486e-9c33-060000000002', 'Installed', DATEADD('DAY', -11, CURRENT_DATE), DATEADD('DAY', 4, CURRENT_DATE)),
    ('898c6a93-db4c-4ff1-ae0c-0E0000000003', '0d5f992b-83f7-4b34-b2c1-080000000003', '3c45dc0a-8455-4b74-ada4-060000000003', 'Rejected', NULL, NULL),
    ('e4c0fab1-fe26-4892-b6ba-0E0000000004', 'a7a5d0bf-3269-49e5-a721-080000000004', '0d11f92b-1847-4c2b-b2d2-060000000004', 'Offered', DATEADD('DAY', -13, CURRENT_DATE), NULL),
    ('781c5657-192b-4d88-8094-0E0000000005', '2841ed07-9401-437c-8a0d-080000000005', '65c9cfa5-7d94-455c-bec3-060000000005', 'Installed', DATEADD('DAY', -14, CURRENT_DATE), DATEADD('DAY', 4, CURRENT_DATE)),
    ('fc9c3bfb-f612-4a74-aa47-0E0000000006', 'd5adc155-125b-400f-a29e-080000000006', 'fe1d7fe4-58f9-49aa-941d-060000000006', 'Rejected', DATEADD('DAY', -15, CURRENT_DATE), NULL),
    ('f6cb5a34-7013-47a2-8581-0E0000000007', '34561dd4-8c68-4ab7-8072-080000000007', '0652f3e6-d8f3-46c1-b9ea-060000000007', 'Offered', DATEADD('DAY', -16, CURRENT_DATE), NULL),
    ('b56cbd3d-62dd-4075-8309-0E0000000008', 'a32dbd52-38bb-4c60-a8dd-080000000008', '3be70ec9-fb6b-494a-926e-060000000008', 'Installed', DATEADD('DAY', -17, CURRENT_DATE), DATEADD('DAY', -2, CURRENT_DATE)),
    ('db34871f-555a-4cf7-b454-0E0000000009', '68a4e1ae-3052-4498-bf91-080000000009', '1cb52d09-212e-4b02-a805-060000000009', 'Rejected', NULL, NULL),
    ('0f4b79f2-faf9-4421-a9da-0E0000000010', '3044145a-a96d-4c8c-9367-080000000010', '25064b2a-2537-4f78-8683-060000000010', 'Offered', DATEADD('DAY', -19, CURRENT_DATE), NULL),
    ('3e7111b8-d14c-4a16-a451-0E0000000011', '418ea5ec-c9ba-49e0-aa9c-080000000011', '91f860ec-83f1-431a-ac24-060000000011', 'Installed', DATEADD('DAY', -20, CURRENT_DATE), DATEADD('DAY', -2, CURRENT_DATE)),
    ('a2c40d7a-52d7-4a75-af8e-0E0000000012', 'cafb9397-4090-4a7e-8d4b-080000000012', 'b22c455c-105d-4b57-9d41-060000000012', 'Rejected', DATEADD('DAY', -21, CURRENT_DATE), NULL),
    ('080787c2-5783-41b8-a2e2-0E0000000013', 'f424cef9-4db6-4d56-9c7c-080000000013', '59e6f2bd-6350-424c-8cd5-060000000001', 'Offered', DATEADD('DAY', -22, CURRENT_DATE), NULL),
    ('01ef3248-023e-47d4-a9dc-0E0000000014', '48bd1f1f-569e-45a2-83af-080000000014', '12600e98-fe12-486e-9c33-060000000002', 'Installed', DATEADD('DAY', -23, CURRENT_DATE), DATEADD('DAY', -8, CURRENT_DATE)),
    ('3451294d-bfec-43fb-87bf-0E0000000015', '94d7f5db-8f69-4548-803e-080000000015', '3c45dc0a-8455-4b74-ada4-060000000003', 'Rejected', NULL, NULL),
    ('0b16db2f-5356-42a3-8242-0E0000000016', '7d7cfbf4-3727-4f17-bc42-080000000016', '0d11f92b-1847-4c2b-b2d2-060000000004', 'Offered', DATEADD('DAY', -10, CURRENT_DATE), NULL),
    ('d48c89ea-ff0e-4415-ac6f-0E0000000017', '99128357-b936-416a-be6f-080000000017', '65c9cfa5-7d94-455c-bec3-060000000005', 'Installed', DATEADD('DAY', -11, CURRENT_DATE), DATEADD('DAY', 7, CURRENT_DATE)),
    ('7ca9d004-192b-4dae-8240-0E0000000018', '92671370-a2b7-45ab-aed0-080000000018', 'fe1d7fe4-58f9-49aa-941d-060000000006', 'Rejected', DATEADD('DAY', -12, CURRENT_DATE), NULL),
    ('c2233ccb-9ba0-4954-852a-0E0000000019', 'd717da78-d22f-414e-87fc-080000000019', '0652f3e6-d8f3-46c1-b9ea-060000000007', 'Offered', DATEADD('DAY', -13, CURRENT_DATE), NULL),
    ('28d59808-16b1-401c-9a28-0E0000000020', 'e27017bd-989e-49cb-b506-080000000020', '3be70ec9-fb6b-494a-926e-060000000008', 'Installed', DATEADD('DAY', -14, CURRENT_DATE), DATEADD('DAY', 1, CURRENT_DATE)),
    ('b0734dbf-92cb-49d9-8a81-0E0000000021', 'c1798fb6-415e-4eed-ac65-080000000021', '1cb52d09-212e-4b02-a805-060000000009', 'Rejected', NULL, NULL),
    ('a1613b3c-e94c-441b-b64b-0E0000000022', 'a04f7763-7da3-4f11-ba59-080000000022', '25064b2a-2537-4f78-8683-060000000010', 'Offered', DATEADD('DAY', -16, CURRENT_DATE), NULL),
    ('b09ddd76-dca7-41e5-b53d-0E0000000023', '943fa903-56d4-48d2-aa4c-080000000023', '91f860ec-83f1-431a-ac24-060000000011', 'Installed', DATEADD('DAY', -17, CURRENT_DATE), DATEADD('DAY', 1, CURRENT_DATE)),
    ('468fbbdb-3374-429e-aa92-0E0000000024', '2bd6bd2e-c421-4037-9f92-080000000024', 'b22c455c-105d-4b57-9d41-060000000012', 'Rejected', DATEADD('DAY', -18, CURRENT_DATE), NULL),
    ('ee68a340-c6f1-4163-90f0-0E0000000025', 'd113ae31-65c4-4231-9db1-080000000025', '59e6f2bd-6350-424c-8cd5-060000000001', 'Offered', DATEADD('DAY', -19, CURRENT_DATE), NULL),
    ('bf1f452d-93c3-4ba6-a0fc-0E0000000026', '003f8192-5ee9-4ac6-be0a-080000000026', '12600e98-fe12-486e-9c33-060000000002', 'Installed', DATEADD('DAY', -20, CURRENT_DATE), DATEADD('DAY', -5, CURRENT_DATE)),
    ('89e7b4ac-68f2-4c26-a2fb-0E0000000027', '8fcaaa3d-62d5-483f-98ea-080000000027', '3c45dc0a-8455-4b74-ada4-060000000003', 'Rejected', NULL, NULL),
    ('d190f68f-a97e-4757-ad86-0E0000000028', 'fb9e3afe-56be-422a-9445-080000000028', '0d11f92b-1847-4c2b-b2d2-060000000004', 'Offered', DATEADD('DAY', -22, CURRENT_DATE), NULL),
    ('a531a198-b868-48c2-b54c-0E0000000029', '92313c3d-ff20-430a-bf55-080000000029', '65c9cfa5-7d94-455c-bec3-060000000005', 'Installed', DATEADD('DAY', -23, CURRENT_DATE), DATEADD('DAY', -5, CURRENT_DATE)),
    ('13aa2ad1-d93d-4924-8506-0E0000000030', '63a8f6c2-6e56-4c79-8c29-080000000030', 'fe1d7fe4-58f9-49aa-941d-060000000006', 'Rejected', DATEADD('DAY', -24, CURRENT_DATE), NULL),
    ('c3beb27e-0cf0-4839-a3d9-0E0000000031', '3b3a120e-02bb-4298-9da1-080000000031', '0652f3e6-d8f3-46c1-b9ea-060000000007', 'Offered', DATEADD('DAY', -10, CURRENT_DATE), NULL),
    ('f9b92b2c-880a-4160-85a8-0E0000000032', '53d4f177-a3a2-4383-ac6c-080000000032', '3be70ec9-fb6b-494a-926e-060000000008', 'Installed', DATEADD('DAY', -11, CURRENT_DATE), DATEADD('DAY', 4, CURRENT_DATE)),
    ('ccedaf4a-86fc-4fe9-b91e-0E0000000033', '58123e8d-1f58-4d51-9102-080000000033', '1cb52d09-212e-4b02-a805-060000000009', 'Rejected', NULL, NULL),
    ('739fb327-7ab0-4b64-9d8c-0E0000000034', 'c9fae530-6e23-448c-a9f0-080000000034', '25064b2a-2537-4f78-8683-060000000010', 'Offered', DATEADD('DAY', -13, CURRENT_DATE), NULL),
    ('34fb4e1f-4d07-4072-9692-0E0000000035', 'fdfc7dcc-d895-4b27-9554-080000000035', '91f860ec-83f1-431a-ac24-060000000011', 'Installed', DATEADD('DAY', -14, CURRENT_DATE), DATEADD('DAY', 4, CURRENT_DATE)),
    ('2a4cdf6c-2295-4f01-aa69-0E0000000036', '28a0b9bc-641a-4d2e-97e2-080000000036', 'b22c455c-105d-4b57-9d41-060000000012', 'Rejected', DATEADD('DAY', -15, CURRENT_DATE), NULL),
    ('2457fc1c-b7f3-496b-b16f-0E0000000037', '822e4736-b97f-4cfe-b129-080000000037', '59e6f2bd-6350-424c-8cd5-060000000001', 'Offered', DATEADD('DAY', -16, CURRENT_DATE), NULL),
    ('c1856c4e-93ae-4d61-906d-0E0000000038', 'd803834c-591e-4c1a-9f36-080000000038', '12600e98-fe12-486e-9c33-060000000002', 'Installed', DATEADD('DAY', -17, CURRENT_DATE), DATEADD('DAY', -2, CURRENT_DATE)),
    ('9061c5ed-7ad1-4001-bdbe-0E0000000039', 'a70582dd-32e2-439b-ba45-080000000039', '3c45dc0a-8455-4b74-ada4-060000000003', 'Rejected', NULL, NULL),
    ('a646f110-9ef8-49d7-b682-0E0000000040', 'ea3f709e-ae29-4a28-9a09-080000000040', '0d11f92b-1847-4c2b-b2d2-060000000004', 'Offered', DATEADD('DAY', -19, CURRENT_DATE), NULL),
    ('c0aacc38-cfc8-41e5-92a8-0E0000000041', '72042006-08a0-4540-9b36-080000000041', '65c9cfa5-7d94-455c-bec3-060000000005', 'Installed', DATEADD('DAY', -20, CURRENT_DATE), DATEADD('DAY', -2, CURRENT_DATE)),
    ('c60a58d6-5b30-415d-b302-0E0000000042', '941260bd-ebf8-4902-ac01-080000000042', 'fe1d7fe4-58f9-49aa-941d-060000000006', 'Rejected', DATEADD('DAY', -21, CURRENT_DATE), NULL),
    ('912fd7bd-d316-4c02-9e6f-0E0000000043', '2d317774-df3a-4577-8a42-080000000043', '0652f3e6-d8f3-46c1-b9ea-060000000007', 'Offered', DATEADD('DAY', -22, CURRENT_DATE), NULL),
    ('681b0d5a-47cb-435e-911b-0E0000000044', 'bc273aaf-05b3-467e-bf81-080000000044', '3be70ec9-fb6b-494a-926e-060000000008', 'Installed', DATEADD('DAY', -23, CURRENT_DATE), DATEADD('DAY', -8, CURRENT_DATE)),
    ('73ced85c-ade6-45a5-9a24-0E0000000045', '045fc53d-67ed-41ee-88ff-080000000045', '1cb52d09-212e-4b02-a805-060000000009', 'Rejected', NULL, NULL),
    ('aba61acb-e8ac-4cef-b792-0E0000000046', 'e3ca0ff4-5260-49f9-a8ed-080000000046', '25064b2a-2537-4f78-8683-060000000010', 'Offered', DATEADD('DAY', -10, CURRENT_DATE), NULL),
    ('90df74f4-2dd6-4358-ae29-0E0000000047', '380836c7-943d-4cef-a5c2-080000000047', '91f860ec-83f1-431a-ac24-060000000011', 'Installed', DATEADD('DAY', -11, CURRENT_DATE), DATEADD('DAY', 7, CURRENT_DATE)),
    ('0c3be3a9-1ff8-47cb-9bb3-0E0000000048', '5c7bf036-0ac9-44a1-850e-080000000048', 'b22c455c-105d-4b57-9d41-060000000012', 'Rejected', DATEADD('DAY', -12, CURRENT_DATE), NULL),
    ('41656882-fdf1-4a54-b65d-0E0000000049', '1ff31485-7a86-4759-a5cd-080000000049', '59e6f2bd-6350-424c-8cd5-060000000001', 'Offered', DATEADD('DAY', -13, CURRENT_DATE), NULL),
    ('3d0bd171-ce24-4e76-936b-0E0000000050', 'fc380f2d-8ff1-4e50-92e1-080000000050', '12600e98-fe12-486e-9c33-060000000002', 'Installed', DATEADD('DAY', -14, CURRENT_DATE), DATEADD('DAY', 1, CURRENT_DATE)),
    ('6f56f25c-05e4-47ff-87ef-0E0000000051', '5c4e92e9-e9bd-40e2-b79e-080000000051', '3c45dc0a-8455-4b74-ada4-060000000003', 'Rejected', NULL, NULL),
    ('c45dedba-4305-4459-abe7-0E0000000052', '92eadfb0-dfd0-4f4a-a3c1-080000000052', '0d11f92b-1847-4c2b-b2d2-060000000004', 'Offered', DATEADD('DAY', -16, CURRENT_DATE), NULL),
    ('c475d445-3fa8-4d67-a18e-0E0000000053', '1ab5a370-7d73-4078-97e1-080000000053', '65c9cfa5-7d94-455c-bec3-060000000005', 'Installed', DATEADD('DAY', -17, CURRENT_DATE), DATEADD('DAY', 1, CURRENT_DATE)),
    ('f717f8b0-7ad3-4879-a44b-0E0000000054', '9233aa9e-25b5-4402-87b6-080000000054', 'fe1d7fe4-58f9-49aa-941d-060000000006', 'Rejected', DATEADD('DAY', -18, CURRENT_DATE), NULL),
    ('61e0ac57-ee8b-4f42-b557-0E0000000055', 'e402ff35-b18d-4e9c-8b3b-080000000055', '0652f3e6-d8f3-46c1-b9ea-060000000007', 'Offered', DATEADD('DAY', -19, CURRENT_DATE), NULL)
;

-- UpgradePlan
INSERT INTO UpgradePlan (UpgradePlanID, SiteID, SoftwareID, PlannedWindowStart, PlannedWindowEnd, Status, CreatedAt, CreatedBy) VALUES
    ('b22e6b41-8cad-494d-b9e5-0F0000000001', '4dd9c736-be31-45cc-8062-080000000001', '59e6f2bd-6350-424c-8cd5-060000000001', DATEADD('DAY', 14, CURRENT_DATE), DATEADD('DAY', 15, CURRENT_DATE), 'Planned', DATEADD('DAY', -30, CURRENT_DATE), 'automation'),
    ('6a9d5860-2e14-4fd9-8bfd-0F0000000002', '8fb3d3df-d50c-4b0d-80c6-080000000002', '12600e98-fe12-486e-9c33-060000000002', DATEADD('DAY', 16, CURRENT_DATE), DATEADD('DAY', 17, CURRENT_DATE), 'Approved', DATEADD('DAY', -33, CURRENT_DATE), 'regional-admin'),
    ('432fb7a8-421e-4942-a98e-0F0000000003', '0d5f992b-83f7-4b34-b2c1-080000000003', '3c45dc0a-8455-4b74-ada4-060000000003', DATEADD('DAY', 18, CURRENT_DATE), DATEADD('DAY', 19, CURRENT_DATE), 'InProgress', DATEADD('DAY', -36, CURRENT_DATE), 'west-team'),
    ('a099ca85-23ab-4ec7-848d-0F0000000004', 'a7a5d0bf-3269-49e5-a721-080000000004', '0d11f92b-1847-4c2b-b2d2-060000000004', DATEADD('DAY', 20, CURRENT_DATE), DATEADD('DAY', 21, CURRENT_DATE), 'Done', DATEADD('DAY', -39, CURRENT_DATE), 'north-team'),
    ('8bed75df-2959-40ec-81b2-0F0000000005', '2841ed07-9401-437c-8a0d-080000000005', '65c9cfa5-7d94-455c-bec3-060000000005', DATEADD('DAY', 22, CURRENT_DATE), DATEADD('DAY', 23, CURRENT_DATE), 'Canceled', DATEADD('DAY', -42, CURRENT_DATE), 'automation'),
    ('b3bd1930-110f-4761-94eb-0F0000000006', 'd5adc155-125b-400f-a29e-080000000006', 'fe1d7fe4-58f9-49aa-941d-060000000006', DATEADD('DAY', 24, CURRENT_DATE), DATEADD('DAY', 25, CURRENT_DATE), 'Planned', DATEADD('DAY', -45, CURRENT_DATE), 'regional-admin'),
    ('cb79be17-a8b6-4bcb-80c9-0F0000000007', '34561dd4-8c68-4ab7-8072-080000000007', '0652f3e6-d8f3-46c1-b9ea-060000000007', DATEADD('DAY', 26, CURRENT_DATE), DATEADD('DAY', 27, CURRENT_DATE), 'Approved', DATEADD('DAY', -48, CURRENT_DATE), 'west-team'),
    ('d5865f01-c658-49ff-82a7-0F0000000008', 'a32dbd52-38bb-4c60-a8dd-080000000008', '3be70ec9-fb6b-494a-926e-060000000008', DATEADD('DAY', 28, CURRENT_DATE), DATEADD('DAY', 29, CURRENT_DATE), 'InProgress', DATEADD('DAY', -51, CURRENT_DATE), 'north-team'),
    ('8bd1662b-f4da-4bef-a922-0F0000000009', '68a4e1ae-3052-4498-bf91-080000000009', '1cb52d09-212e-4b02-a805-060000000009', DATEADD('DAY', 30, CURRENT_DATE), DATEADD('DAY', 31, CURRENT_DATE), 'Done', DATEADD('DAY', -54, CURRENT_DATE), 'automation'),
    ('124c3ac9-ccbf-4b84-871d-0F0000000010', '3044145a-a96d-4c8c-9367-080000000010', '25064b2a-2537-4f78-8683-060000000010', DATEADD('DAY', 32, CURRENT_DATE), DATEADD('DAY', 33, CURRENT_DATE), 'Canceled', DATEADD('DAY', -57, CURRENT_DATE), 'regional-admin'),
    ('b2cbae5f-aa6c-40ab-a577-0F0000000011', '418ea5ec-c9ba-49e0-aa9c-080000000011', '91f860ec-83f1-431a-ac24-060000000011', DATEADD('DAY', 34, CURRENT_DATE), DATEADD('DAY', 35, CURRENT_DATE), 'Planned', DATEADD('DAY', -60, CURRENT_DATE), 'west-team'),
    ('565e3a7b-0d01-4310-acfe-0F0000000012', 'cafb9397-4090-4a7e-8d4b-080000000012', 'b22c455c-105d-4b57-9d41-060000000012', DATEADD('DAY', 36, CURRENT_DATE), DATEADD('DAY', 37, CURRENT_DATE), 'Approved', DATEADD('DAY', -63, CURRENT_DATE), 'north-team'),
    ('0bc1ea8e-029d-4cc7-9157-0F0000000013', 'f424cef9-4db6-4d56-9c7c-080000000013', '59e6f2bd-6350-424c-8cd5-060000000001', DATEADD('DAY', 38, CURRENT_DATE), DATEADD('DAY', 39, CURRENT_DATE), 'InProgress', DATEADD('DAY', -66, CURRENT_DATE), 'automation'),
    ('85cf8330-f2c3-4982-a7f2-0F0000000014', '48bd1f1f-569e-45a2-83af-080000000014', '12600e98-fe12-486e-9c33-060000000002', DATEADD('DAY', 40, CURRENT_DATE), DATEADD('DAY', 41, CURRENT_DATE), 'Done', DATEADD('DAY', -69, CURRENT_DATE), 'regional-admin'),
    ('0d4c5f1e-96f1-44ba-97ce-0F0000000015', '94d7f5db-8f69-4548-803e-080000000015', '3c45dc0a-8455-4b74-ada4-060000000003', DATEADD('DAY', 42, CURRENT_DATE), DATEADD('DAY', 43, CURRENT_DATE), 'Canceled', DATEADD('DAY', -72, CURRENT_DATE), 'west-team'),
    ('f7a6dcb6-f7b6-4a2e-b278-0F0000000016', '7d7cfbf4-3727-4f17-bc42-080000000016', '0d11f92b-1847-4c2b-b2d2-060000000004', DATEADD('DAY', 44, CURRENT_DATE), DATEADD('DAY', 45, CURRENT_DATE), 'Planned', DATEADD('DAY', -75, CURRENT_DATE), 'north-team'),
    ('80e95f2d-3009-4e95-a224-0F0000000017', '99128357-b936-416a-be6f-080000000017', '65c9cfa5-7d94-455c-bec3-060000000005', DATEADD('DAY', 46, CURRENT_DATE), DATEADD('DAY', 47, CURRENT_DATE), 'Approved', DATEADD('DAY', -78, CURRENT_DATE), 'automation'),
    ('727069f9-bb16-4c2d-80c8-0F0000000018', '92671370-a2b7-45ab-aed0-080000000018', 'fe1d7fe4-58f9-49aa-941d-060000000006', DATEADD('DAY', 48, CURRENT_DATE), DATEADD('DAY', 49, CURRENT_DATE), 'InProgress', DATEADD('DAY', -81, CURRENT_DATE), 'regional-admin')
;

-- ServiceContract
INSERT INTO ServiceContract (ContractID, AccountID, ProjectID, SiteID, ContractNumber, Status, StartDate, EndDate) VALUES
    ('59dae29f-7d3c-4c9a-b950-100000000001', 'f2de6b31-a03d-439e-8a0f-040000000001', '79cc457e-cae6-44f3-91fb-070000000001', '4dd9c736-be31-45cc-8062-080000000001', 'SC-2025-001', 'Planned', DATEADD('DAY', -90, CURRENT_DATE), DATEADD('DAY', 275, CURRENT_DATE)),
    ('d84007e1-1476-4bb2-8f63-100000000002', '65c4d8f8-4c07-4fcf-8140-040000000002', '4a110ce6-7bc4-4b4f-bf02-070000000002', 'a7a5d0bf-3269-49e5-a721-080000000004', 'SC-2025-002', 'Approved', DATEADD('DAY', -93, CURRENT_DATE), DATEADD('DAY', 272, CURRENT_DATE)),
    ('d16fa058-1ad2-498e-b005-100000000003', 'c49a0cfa-7f74-4f59-ad9a-040000000003', 'e89a726b-185f-4da8-86c2-070000000003', '2841ed07-9401-437c-8a0d-080000000005', 'SC-2025-003', 'InProgress', DATEADD('DAY', -96, CURRENT_DATE), DATEADD('DAY', 269, CURRENT_DATE)),
    ('bf6ccbe6-15c6-41d7-83bc-100000000004', 'b517b44f-2b37-474a-88f8-040000000004', 'd991b099-c533-443c-bbe8-070000000004', 'a32dbd52-38bb-4c60-a8dd-080000000008', 'SC-2025-004', 'Done', DATEADD('DAY', -99, CURRENT_DATE), DATEADD('DAY', 266, CURRENT_DATE)),
    ('484fa388-c117-4392-a89b-100000000005', '7ac40510-18fc-4488-a97f-040000000005', '54826ec6-50c8-4b3d-81a3-070000000005', '68a4e1ae-3052-4498-bf91-080000000009', 'SC-2025-005', 'Planned', DATEADD('DAY', -102, CURRENT_DATE), DATEADD('DAY', 263, CURRENT_DATE)),
    ('c6ee476f-f75f-405e-b885-100000000006', '31ffb6c9-2b91-4093-a892-040000000006', '761d2e2e-7e35-4a84-b775-070000000006', 'cafb9397-4090-4a7e-8d4b-080000000012', 'SC-2025-006', 'Approved', DATEADD('DAY', -105, CURRENT_DATE), DATEADD('DAY', 260, CURRENT_DATE)),
    ('9381758b-2e8e-4fd5-a198-100000000007', '96aafed4-6fb5-4869-9181-040000000007', 'ac53cc20-9449-49a8-bc78-070000000007', 'f424cef9-4db6-4d56-9c7c-080000000013', 'SC-2025-007', 'InProgress', DATEADD('DAY', -108, CURRENT_DATE), DATEADD('DAY', 257, CURRENT_DATE)),
    ('987c44a4-8f63-47d9-a847-100000000008', '9afda9f0-81b8-437b-a7e3-040000000008', 'b4ec1595-e281-456d-859e-070000000008', '7d7cfbf4-3727-4f17-bc42-080000000016', 'SC-2025-008', 'Done', DATEADD('DAY', -111, CURRENT_DATE), DATEADD('DAY', 254, CURRENT_DATE)),
    ('5325906f-a12b-4cbd-bfba-100000000009', '434010eb-60a1-4f66-b01c-040000000009', '6ad45288-2c9f-449c-9146-070000000009', '99128357-b936-416a-be6f-080000000017', 'SC-2025-009', 'Planned', DATEADD('DAY', -114, CURRENT_DATE), DATEADD('DAY', 251, CURRENT_DATE)),
    ('252f2f72-7d3f-406e-8277-100000000010', '02052d60-5dea-41aa-bac6-040000000010', 'fd47a698-107f-43bd-8b2e-070000000010', 'e27017bd-989e-49cb-b506-080000000020', 'SC-2025-010', 'Approved', DATEADD('DAY', -117, CURRENT_DATE), DATEADD('DAY', 248, CURRENT_DATE)),
    ('a648eee0-becb-4a75-be46-100000000011', '1a3bafe9-17f3-4f25-b7a9-040000000011', '16b851c8-0e28-4bde-b97e-070000000011', 'c1798fb6-415e-4eed-ac65-080000000021', 'SC-2025-011', 'InProgress', DATEADD('DAY', -120, CURRENT_DATE), DATEADD('DAY', 245, CURRENT_DATE)),
    ('94d17b51-5df7-4abb-a555-100000000012', '28aada47-8cb9-49ee-884f-040000000012', '91174826-6f61-4178-a7b5-070000000012', '2bd6bd2e-c421-4037-9f92-080000000024', 'SC-2025-012', 'Done', DATEADD('DAY', -123, CURRENT_DATE), DATEADD('DAY', 242, CURRENT_DATE)),
    ('f66b702f-2577-4ca4-971e-100000000013', 'e29f826b-be7f-4e16-a953-040000000013', 'b2951283-6b20-4a96-aed9-070000000013', 'd113ae31-65c4-4231-9db1-080000000025', 'SC-2025-013', 'Planned', DATEADD('DAY', -126, CURRENT_DATE), DATEADD('DAY', 239, CURRENT_DATE)),
    ('c015cff8-5ab0-4ded-84f0-100000000014', 'd699df0a-97f5-4e0b-a946-040000000014', '51cbe43e-32a1-4040-960c-070000000014', 'fb9e3afe-56be-422a-9445-080000000028', 'SC-2025-014', 'Approved', DATEADD('DAY', -129, CURRENT_DATE), DATEADD('DAY', 236, CURRENT_DATE)),
    ('ea4545a2-dbc5-45c9-b0b3-100000000015', 'c30ac9d9-02ef-4469-9899-040000000015', 'f014a51a-bf82-4a68-8842-070000000015', '92313c3d-ff20-430a-bf55-080000000029', 'SC-2025-015', 'InProgress', DATEADD('DAY', -132, CURRENT_DATE), DATEADD('DAY', 233, CURRENT_DATE)),
    ('1def8ef1-18c9-4ff9-abc4-100000000016', 'a4c449c1-6237-4843-9e76-040000000016', 'd389f0aa-93dd-436c-9d10-070000000016', '53d4f177-a3a2-4383-ac6c-080000000032', 'SC-2025-016', 'Done', DATEADD('DAY', -135, CURRENT_DATE), DATEADD('DAY', 230, CURRENT_DATE)),
    ('9b4e5b39-61f5-4cc4-83e5-100000000017', 'd74493a5-1e0b-427e-99fb-040000000017', '3ed2e687-bb59-4540-b7c6-070000000017', '58123e8d-1f58-4d51-9102-080000000033', 'SC-2025-017', 'Planned', DATEADD('DAY', -138, CURRENT_DATE), DATEADD('DAY', 227, CURRENT_DATE)),
    ('97ed4d1d-e205-4e50-8ad9-100000000018', 'ff235c3c-195a-4d48-9a09-040000000018', '0cf04c31-0546-4afe-8df1-070000000018', 'fdfc7dcc-d895-4b27-9554-080000000035', 'SC-2025-018', 'Approved', DATEADD('DAY', -141, CURRENT_DATE), DATEADD('DAY', 224, CURRENT_DATE)),
    ('e6d9b048-a2af-4a37-b345-100000000019', '54e5b9b9-881d-42ed-b1d8-040000000019', '2ccb0617-768f-4f6c-96ec-070000000019', '28a0b9bc-641a-4d2e-97e2-080000000036', 'SC-2025-019', 'InProgress', DATEADD('DAY', -144, CURRENT_DATE), DATEADD('DAY', 221, CURRENT_DATE)),
    ('1b866495-1cf4-40cb-a874-100000000020', '384d5210-2a05-46dc-95c5-040000000020', 'd66d33c8-7367-4a1d-b1b6-070000000020', '822e4736-b97f-4cfe-b129-080000000037', 'SC-2025-020', 'Done', DATEADD('DAY', -147, CURRENT_DATE), DATEADD('DAY', 218, CURRENT_DATE)),
    ('6ef23e19-2dd9-43f8-b3e2-100000000021', '20859ec0-876f-4ea3-a359-040000000021', 'e337e3cc-15db-4989-ac3f-070000000021', 'd803834c-591e-4c1a-9f36-080000000038', 'SC-2025-021', 'Planned', DATEADD('DAY', -150, CURRENT_DATE), DATEADD('DAY', 215, CURRENT_DATE)),
    ('91734440-2d6c-4706-99f3-100000000022', 'feb0893b-0323-4d03-b80b-040000000022', '5da8e34a-77f9-43cf-bcae-070000000022', 'a70582dd-32e2-439b-ba45-080000000039', 'SC-2025-022', 'Approved', DATEADD('DAY', -153, CURRENT_DATE), DATEADD('DAY', 212, CURRENT_DATE)),
    ('a4a08fcb-2b01-43c2-90ab-100000000023', '744309d2-b1f2-4273-ac63-040000000023', '2d416f83-6e61-4e2e-bc90-070000000023', 'ea3f709e-ae29-4a28-9a09-080000000040', 'SC-2025-023', 'InProgress', DATEADD('DAY', -156, CURRENT_DATE), DATEADD('DAY', 209, CURRENT_DATE)),
    ('debd109b-11b5-43c2-b751-100000000024', 'a6e91c37-2010-4f15-a1f0-040000000024', '7a01c71c-b272-4478-99c4-070000000024', '72042006-08a0-4540-9b36-080000000041', 'SC-2025-024', 'Done', DATEADD('DAY', -159, CURRENT_DATE), DATEADD('DAY', 206, CURRENT_DATE)),
    ('fc84cfe8-cf12-4327-b00e-100000000025', 'cbceb6ae-a967-48a6-a1fb-040000000025', '575d7093-5f9d-445f-b455-070000000025', '941260bd-ebf8-4902-ac01-080000000042', 'SC-2025-025', 'Planned', DATEADD('DAY', -162, CURRENT_DATE), DATEADD('DAY', 203, CURRENT_DATE)),
    ('8d7c5482-e90b-4d83-a526-100000000026', '2c9a4a8e-21a9-4d1d-9eeb-040000000026', '8c3c56f1-3248-406c-8eaa-070000000026', '2d317774-df3a-4577-8a42-080000000043', 'SC-2025-026', 'Approved', DATEADD('DAY', -165, CURRENT_DATE), DATEADD('DAY', 200, CURRENT_DATE)),
    ('37527ab3-55d7-47f3-b089-100000000027', '6a09d3cc-1116-4d78-a5f7-040000000027', 'e8e4904f-d62e-4286-90e6-070000000027', 'bc273aaf-05b3-467e-bf81-080000000044', 'SC-2025-027', 'InProgress', DATEADD('DAY', -168, CURRENT_DATE), DATEADD('DAY', 197, CURRENT_DATE)),
    ('25169080-e4c6-480c-b57a-100000000028', 'fc226f2d-3754-4912-850f-040000000028', 'be121ce7-41e3-405e-95c9-070000000028', '045fc53d-67ed-41ee-88ff-080000000045', 'SC-2025-028', 'Done', DATEADD('DAY', -171, CURRENT_DATE), DATEADD('DAY', 194, CURRENT_DATE))
;

